{"accuracy": 0.9182999730110168, "loss": 0.29359495639801025}