{"accuracy": [0.38122498989105225, 0.5462499856948853, 0.6313999891281128, 0.690625011920929, 0.7315250039100647, 0.755774974822998, 0.7802249789237976, 0.7986999750137329, 0.8111500144004822, 0.8252750039100647, 0.835224986076355, 0.8464249968528748, 0.8510000109672546, 0.8580750226974487, 0.8623999953269958, 0.8703500032424927, 0.8740500211715698, 0.8811500072479248, 0.8858000040054321, 0.8886250257492065, 0.8944249749183655, 0.8981750011444092, 0.8999750018119812, 0.9042249917984009, 0.9065250158309937, 0.9229750037193298, 0.9305999875068665, 0.9321749806404114, 0.9358749985694885, 0.9393249750137329, 0.9384250044822693, 0.9404500126838684, 0.9424750208854675, 0.944225013256073, 0.9460999965667725, 0.9562000036239624, 0.9578499794006348, 0.9579499959945679, 0.9600499868392944, 0.9638000130653381, 0.9646999835968018, 0.9646999835968018, 0.9661250114440918, 0.9664750099182129, 0.9679250121116638, 0.9685500264167786, 0.97017502784729, 0.9686750173568726, 0.9707249999046326], "loss": [1.8427753448486328, 1.2892944812774658, 1.0443851947784424, 0.888359546661377, 0.7807191610336304, 0.7157341837882996, 0.6444723010063171, 0.5937904715538025, 0.5571496486663818, 0.5196619033813477, 0.4901587963104248, 0.45904526114463806, 0.4387780725955963, 0.41526249051094055, 0.4075092375278473, 0.3851639926433563, 0.37322261929512024, 0.35456329584121704, 0.34064075350761414, 0.3314630091190338, 0.31442221999168396, 0.30451154708862305, 0.29418113827705383, 0.28172850608825684, 0.2777092456817627, 0.22675544023513794, 0.207292377948761, 0.19882550835609436, 0.19132819771766663, 0.18455299735069275, 0.18144330382347107, 0.17231713235378265, 0.17092858254909515, 0.16607965528964996, 0.1599251627922058, 0.13208304345607758, 0.12664726376533508, 0.12485769391059875, 0.12122011929750443, 0.11143475025892258, 0.10715622454881668, 0.1066092774271965, 0.1009242832660675, 0.1015578880906105, 0.09716992825269699, 0.09707527607679367, 0.09166623651981354, 0.09069058299064636, 0.08673350512981415], "val_accuracy": [0.482699990272522, 0.6326000094413757, 0.671500027179718, 0.7229999899864197, 0.7462000250816345, 0.7560999989509583, 0.7908999919891357, 0.7868000268936157, 0.8213000297546387, 0.8320000171661377, 0.8276000022888184, 0.8511999845504761, 0.8422999978065491, 0.8543999791145325, 0.8593000173568726, 0.8508999943733215, 0.8561999797821045, 0.8672999739646912, 0.853600025177002, 0.8529000282287598, 0.8733000159263611, 0.8830000162124634, 0.8817999958992004, 0.8848000168800354, 0.8633000254631042, 0.8949999809265137, 0.8991000056266785, 0.8964999914169312, 0.9003000259399414, 0.906000018119812, 0.8996000289916992, 0.907800018787384, 0.8995000123977661, 0.9036999940872192, 0.9057999849319458, 0.9121000170707703, 0.9093999862670898, 0.9117000102996826, 0.9125000238418579, 0.9143999814987183, 0.9165999889373779, 0.9161999821662903, 0.9161999821662903, 0.9199000000953674, 0.9193999767303467, 0.9186999797821045, 0.9171000123023987, 0.9196000099182129, 0.9193999767303467], "val_loss": [1.6220238208770752, 1.0517491102218628, 1.0008947849273682, 0.8300819396972656, 0.7520201802253723, 0.7367017865180969, 0.6586780548095703, 0.6829150915145874, 0.5466960072517395, 0.5130225419998169, 0.5252672433853149, 0.4610459506511688, 0.5068512558937073, 0.4507431089878082, 0.43263041973114014, 0.48586800694465637, 0.46126317977905273, 0.420653373003006, 0.4737541377544403, 0.4823111295700073, 0.4025143086910248, 0.3623162806034088, 0.37041765451431274, 0.36784183979034424, 0.46121758222579956, 0.333636611700058, 0.32108786702156067, 0.34563836455345154, 0.3336241841316223, 0.31513646245002747, 0.33930596709251404, 0.31393373012542725, 0.35382208228111267, 0.3327787518501282, 0.32629093527793884, 0.3118436634540558, 0.3164703845977783, 0.321699857711792, 0.31554657220840454, 0.30284106731414795, 0.2994106411933899, 0.3075908422470093, 0.3038266897201538, 0.2972509562969208, 0.3068985939025879, 0.3052603602409363, 0.30916863679885864, 0.3033018112182617, 0.30013513565063477], "learning_rate": [0.0010000000474974513, 0.0010000000474974513, 0.0010000000474974513, 0.0010000000474974513, 0.0010000000474974513, 0.0010000000474974513, 0.0010000000474974513, 0.0010000000474974513, 0.0010000000474974513, 0.0010000000474974513, 0.0010000000474974513, 0.0010000000474974513, 0.0010000000474974513, 0.0010000000474974513, 0.0010000000474974513, 0.0010000000474974513, 0.0010000000474974513, 0.0010000000474974513, 0.0010000000474974513, 0.0010000000474974513, 0.0010000000474974513, 0.0010000000474974513, 0.0010000000474974513, 0.0010000000474974513, 0.0010000000474974513, 0.0005000000237487257, 0.0005000000237487257, 0.0005000000237487257, 0.0005000000237487257, 0.0005000000237487257, 0.0005000000237487257, 0.0005000000237487257, 0.0005000000237487257, 0.0005000000237487257, 0.0005000000237487257, 0.0002500000118743628, 0.0002500000118743628, 0.0002500000118743628, 0.0002500000118743628, 0.0001250000059371814, 0.0001250000059371814, 0.0001250000059371814, 0.0001250000059371814, 0.0001250000059371814, 0.0001250000059371814, 0.0001250000059371814, 0.0001250000059371814, 6.25000029685907e-05, 6.25000029685907e-05]}