{"test_loss": 0.298415869474411, "test_accuracy": 0.9117000102996826, "accuracy": 0.9117000102996826, "loss": 0.298415869474411}