{"accuracy": [0.34185001254081726, 0.5026249885559082, 0.60589998960495, 0.6658750176429749, 0.7123000025749207, 0.7411749958992004, 0.7667499780654907, 0.7850499749183655, 0.8031749725341797, 0.8153499960899353, 0.8453750014305115, 0.8590499758720398, 0.8665249943733215, 0.8707749843597412, 0.8756999969482422, 0.8837500214576721, 0.8858749866485596, 0.892175018787384, 0.8937249779701233, 0.9101499915122986, 0.9193000197410583, 0.9191250205039978, 0.921999990940094, 0.9301499724388123, 0.9338250160217285, 0.9362499713897705, 0.9359999895095825, 0.939050018787384, 0.944225013256073, 0.9455749988555908], "loss": [2.0203309059143066, 1.401181936264038, 1.1081112623214722, 0.9506191611289978, 0.8431655168533325, 0.7558909058570862, 0.6891849040985107, 0.6379052996635437, 0.5910654664039612, 0.5538008213043213, 0.4588390588760376, 0.41992196440696716, 0.40055522322654724, 0.38664549589157104, 0.36959341168403625, 0.34983521699905396, 0.3403538465499878, 0.323745459318161, 0.32041633129119873, 0.26524457335472107, 0.2451259344816208, 0.2409083992242813, 0.23415984213352203, 0.20564571022987366, 0.1946547031402588, 0.18885226547718048, 0.1884135752916336, 0.18564635515213013, 0.16924044489860535, 0.1655929982662201], "val_accuracy": [0.4316999912261963, 0.6132000088691711, 0.6133999824523926, 0.7074999809265137, 0.7200999855995178, 0.7480000257492065, 0.7770000100135803, 0.8126000165939331, 0.8061000108718872, 0.8055999875068665, 0.8413000106811523, 0.8510000109672546, 0.8597999811172485, 0.8751000165939331, 0.8812999725341797, 0.8830999732017517, 0.8859999775886536, 0.8723999857902527, 0.8885999917984009, 0.8982999920845032, 0.8986999988555908, 0.8985999822616577, 0.9024999737739563, 0.9039999842643738, 0.9043999910354614, 0.909500002861023, 0.9082000255584717, 0.9089999794960022, 0.911300003528595, 0.9110000133514404], "val_loss": [1.8334296941757202, 1.0955921411514282, 1.1799830198287964, 0.8425772190093994, 0.8458530306816101, 0.7609032988548279, 0.6698815226554871, 0.5699559450149536, 0.6136376261711121, 0.6261627674102783, 0.49316030740737915, 0.48755747079849243, 0.42866644263267517, 0.3952236473560333, 0.3620016276836395, 0.3644910156726837, 0.35065731406211853, 0.40257397294044495, 0.35105469822883606, 0.31956011056900024, 0.3103873133659363, 0.3249291777610779, 0.317950963973999, 0.3078804910182953, 0.3083711564540863, 0.2924240827560425, 0.30492645502090454, 0.2978302836418152, 0.2938074767589569, 0.2912970185279846], "learning_rate": [0.0010000000474974513, 0.0010000000474974513, 0.0010000000474974513, 0.0010000000474974513, 0.0010000000474974513, 0.0010000000474974513, 0.0010000000474974513, 0.0010000000474974513, 0.0010000000474974513, 0.0010000000474974513, 0.0005000000237487257, 0.0005000000237487257, 0.0005000000237487257, 0.0005000000237487257, 0.0005000000237487257, 0.0005000000237487257, 0.0005000000237487257, 0.0005000000237487257, 0.0005000000237487257, 0.0002500000118743628, 0.0002500000118743628, 0.0002500000118743628, 0.0002500000118743628, 0.0001250000059371814, 0.0001250000059371814, 0.0001250000059371814, 0.0001250000059371814, 0.0001250000059371814, 6.25000029685907e-05, 6.25000029685907e-05]}