{"test_loss": 0.7167757749557495, "test_accuracy": 0.7452999949455261, "accuracy": 0.7452999949455261, "loss": 0.7167757749557495}