{"accuracy": [0.2618499994277954, 0.3643999993801117, 0.4215250015258789, 0.45410001277923584, 0.4810749888420105, 0.5091999769210815, 0.527275025844574, 0.5474749803543091, 0.5568249821662903, 0.5769500136375427, 0.5889999866485596, 0.598675012588501, 0.6111249923706055, 0.621649980545044, 0.6298249959945679, 0.6399250030517578, 0.6483500003814697, 0.6549749970436096, 0.6639000177383423, 0.6680499911308289, 0.6764749884605408, 0.6796249747276306, 0.6930500268936157, 0.6990249752998352, 0.6984249949455261, 0.7037749886512756, 0.7045999765396118, 0.7109000086784363, 0.7111750245094299, 0.7131249904632568], "loss": [2.4164645671844482, 1.7432539463043213, 1.573241949081421, 1.4882415533065796, 1.4130885601043701, 1.3466471433639526, 1.298128604888916, 1.2516127824783325, 1.2118699550628662, 1.1712883710861206, 1.1404777765274048, 1.1146804094314575, 1.0839496850967407, 1.0552959442138672, 1.0278956890106201, 1.0104435682296753, 0.9867082834243774, 0.9596402049064636, 0.9448318481445312, 0.9332340955734253, 0.9117944240570068, 0.8988389372825623, 0.8675719499588013, 0.8542206883430481, 0.8495983481407166, 0.8363412022590637, 0.8352035284042358, 0.8251773715019226, 0.8204189538955688, 0.8116593360900879], "val_accuracy": [0.4494999945163727, 0.48429998755455017, 0.49869999289512634, 0.5558000206947327, 0.5788999795913696, 0.5845999717712402, 0.6115999817848206, 0.6220999956130981, 0.6273000240325928, 0.6492999792098999, 0.6442999839782715, 0.65829998254776, 0.6636999845504761, 0.6589000225067139, 0.6815000176429749, 0.6887000203132629, 0.685699999332428, 0.7081000208854675, 0.6901000142097473, 0.7186999917030334, 0.7161999940872192, 0.7063000202178955, 0.7321000099182129, 0.7371000051498413, 0.7390000224113464, 0.7418000102043152, 0.7430999875068665, 0.7462000250816345, 0.7534999847412109, 0.7457000017166138], "val_loss": [1.4938080310821533, 1.396135687828064, 1.3539842367172241, 1.2367106676101685, 1.1658875942230225, 1.1527810096740723, 1.0986796617507935, 1.0423376560211182, 1.0535907745361328, 0.9688175916671753, 0.999402642250061, 0.9601908326148987, 0.9330307841300964, 0.9660035967826843, 0.891880452632904, 0.8839560747146606, 0.8857477307319641, 0.8180888891220093, 0.8704243302345276, 0.7864230275154114, 0.7936491370201111, 0.8232377767562866, 0.7513964176177979, 0.743431568145752, 0.7267842888832092, 0.7264618277549744, 0.7220746874809265, 0.7147693037986755, 0.6951185464859009, 0.7108218669891357], "learning_rate": [0.0010000000474974513, 0.0010000000474974513, 0.0010000000474974513, 0.0010000000474974513, 0.0010000000474974513, 0.0010000000474974513, 0.0010000000474974513, 0.0010000000474974513, 0.0010000000474974513, 0.0010000000474974513, 0.0010000000474974513, 0.0010000000474974513, 0.0010000000474974513, 0.0010000000474974513, 0.0010000000474974513, 0.0010000000474974513, 0.0010000000474974513, 0.0010000000474974513, 0.0010000000474974513, 0.0010000000474974513, 0.0010000000474974513, 0.0010000000474974513, 0.0005000000237487257, 0.0005000000237487257, 0.0005000000237487257, 0.0005000000237487257, 0.0005000000237487257, 0.0005000000237487257, 0.0005000000237487257, 0.0005000000237487257]}