{"accuracy": 0.7731000185012817, "loss": 0.6589789390563965}