{"accuracy": [0.452224999666214, 0.6077250242233276, 0.6570000052452087, 0.7004749774932861, 0.7267500162124634, 0.7489500045776367, 0.7641500234603882, 0.778124988079071, 0.7917500138282776, 0.8015000224113464], "loss": [1.6038448810577393, 1.1088378429412842, 0.9679698944091797, 0.8541850447654724, 0.78692626953125, 0.722771942615509, 0.6766906380653381, 0.640320360660553, 0.6028099060058594, 0.5743637084960938], "val_accuracy": [0.597000002861023, 0.670199990272522, 0.6894999742507935, 0.7222999930381775, 0.7401000261306763, 0.7524999976158142, 0.7332000136375427, 0.7716000080108643, 0.7742000222206116, 0.772599995136261], "val_loss": [1.1246529817581177, 0.9376846551895142, 0.8884844779968262, 0.7973796129226685, 0.741904079914093, 0.7149260640144348, 0.7622140645980835, 0.6631306409835815, 0.6585386395454407, 0.6537430286407471]}