{"test_loss": 0.41621527075767517, "test_accuracy": 0.864300012588501, "accuracy": 0.864300012588501, "loss": 0.41621527075767517}