{"accuracy": [0.2945750057697296, 0.40560001134872437, 0.49390000104904175, 0.5534999966621399, 0.5980749726295471, 0.6385250091552734, 0.6651750206947327, 0.6817499995231628, 0.70169997215271, 0.7187250256538391, 0.7300999760627747, 0.7435749769210815, 0.7534250020980835, 0.7655749917030334, 0.7743499875068665, 0.7857000231742859, 0.7927250266075134, 0.7986999750137329, 0.8052250146865845, 0.8107749819755554, 0.8141000270843506, 0.821150004863739, 0.8259750008583069, 0.82955002784729, 0.84517502784729, 0.8503249883651733, 0.8536750078201294, 0.8595749735832214, 0.8589249849319458, 0.8616750240325928], "loss": [2.122051477432251, 1.6459434032440186, 1.4018760919570923, 1.2458579540252686, 1.1169450283050537, 1.025830626487732, 0.9542111158370972, 0.9006748199462891, 0.8578833937644958, 0.80924391746521, 0.7814791798591614, 0.7434742450714111, 0.7149516344070435, 0.6820731163024902, 0.6587832570075989, 0.6309319138526917, 0.6151567101478577, 0.594892680644989, 0.5708033442497253, 0.5624921917915344, 0.5443561673164368, 0.5337457060813904, 0.5140869617462158, 0.5050002932548523, 0.4649885296821594, 0.44609156250953674, 0.43662944436073303, 0.4223533570766449, 0.4221504032611847, 0.4140414893627167], "val_accuracy": [0.4075999855995178, 0.5235000252723694, 0.5946000218391418, 0.5924999713897705, 0.666100025177002, 0.6887000203132629, 0.6811000108718872, 0.7175999879837036, 0.7426000237464905, 0.7544000148773193, 0.7745000123977661, 0.7444999814033508, 0.7820000052452087, 0.786899983882904, 0.8044000267982483, 0.8025000095367432, 0.8166999816894531, 0.8177000284194946, 0.8252000212669373, 0.8163999915122986, 0.8337000012397766, 0.8492000102996826, 0.8486999869346619, 0.8416000008583069, 0.8644000291824341, 0.8694000244140625, 0.8637999892234802, 0.8641999959945679, 0.8707000017166138, 0.8677999973297119], "val_loss": [1.6347092390060425, 1.3367997407913208, 1.1704425811767578, 1.2128000259399414, 0.9598141312599182, 0.9100440144538879, 0.908761203289032, 0.8151071667671204, 0.7497599124908447, 0.7035883665084839, 0.6646735072135925, 0.7568889260292053, 0.6418131589889526, 0.6305812001228333, 0.5708761215209961, 0.5980743765830994, 0.5417512059211731, 0.5579218864440918, 0.5188091397285461, 0.5403686165809631, 0.49794813990592957, 0.4552787244319916, 0.46091097593307495, 0.4838730990886688, 0.4056275486946106, 0.39943331480026245, 0.40932193398475647, 0.3958503007888794, 0.38661080598831177, 0.4015558063983917], "learning_rate": [0.009999999776482582, 0.009999999776482582, 0.009999999776482582, 0.009999999776482582, 0.009999999776482582, 0.009999999776482582, 0.009999999776482582, 0.009999999776482582, 0.009999999776482582, 0.009999999776482582, 0.009999999776482582, 0.009999999776482582, 0.009999999776482582, 0.009999999776482582, 0.009999999776482582, 0.009999999776482582, 0.009999999776482582, 0.009999999776482582, 0.009999999776482582, 0.009999999776482582, 0.009999999776482582, 0.009999999776482582, 0.009999999776482582, 0.009999999776482582, 0.004999999888241291, 0.004999999888241291, 0.004999999888241291, 0.004999999888241291, 0.004999999888241291, 0.004999999888241291]}