{"test_loss": 0.35343003273010254, "test_accuracy": 0.8919000029563904, "accuracy": 0.8919000029563904, "loss": 0.35343003273010254}