{"accuracy": [0.31372499465942383, 0.45500001311302185, 0.556725025177002, 0.6207749843597412, 0.6703500151634216, 0.7056750059127808, 0.7304499745368958, 0.7479749917984009, 0.769599974155426, 0.7761499881744385, 0.8128499984741211, 0.8305249810218811, 0.8326749801635742, 0.8402000069618225, 0.8440250158309937, 0.8636000156402588, 0.8733500242233276, 0.8793500065803528, 0.8845499753952026, 0.8842999935150146, 0.8974999785423279, 0.9006999731063843, 0.9033750295639038, 0.9036999940872192, 0.9065250158309937, 0.9100499749183655, 0.9161999821662903, 0.9157750010490417, 0.9177749752998352, 0.9186499714851379], "loss": [2.015498161315918, 1.4974619150161743, 1.2379449605941772, 1.07563316822052, 0.9515899419784546, 0.8616166710853577, 0.7906529903411865, 0.7448834180831909, 0.6909820437431335, 0.6650777459144592, 0.5546119213104248, 0.5106955170631409, 0.4976968765258789, 0.47432857751846313, 0.4663948118686676, 0.4048534035682678, 0.3799748718738556, 0.3663841784000397, 0.3472294807434082, 0.3453552722930908, 0.3079226016998291, 0.2940483093261719, 0.2889845371246338, 0.2851656973361969, 0.2785836458206177, 0.26856890320777893, 0.2525033950805664, 0.254146933555603, 0.24929384887218475, 0.24307754635810852], "val_accuracy": [0.4025999903678894, 0.5573999881744385, 0.6157000064849854, 0.6488000154495239, 0.6220999956130981, 0.6855999827384949, 0.6963000297546387, 0.7976999878883362, 0.7832000255584717, 0.786899983882904, 0.8414000272750854, 0.8367000222206116, 0.8572999835014343, 0.8492000102996826, 0.823199987411499, 0.8694999814033508, 0.8705999851226807, 0.8787999749183655, 0.8697999715805054, 0.8719000220298767, 0.8828999996185303, 0.8880000114440918, 0.8851000070571899, 0.8910999894142151, 0.8845999836921692, 0.8903999924659729, 0.8948000073432922, 0.8946999907493591, 0.8950999975204468, 0.8945000171661377], "val_loss": [1.6430504322052002, 1.2373923063278198, 1.1474024057388306, 1.039992332458496, 1.2496283054351807, 0.9788980484008789, 1.0174297094345093, 0.6026418805122375, 0.6968504190444946, 0.6529107093811035, 0.468292772769928, 0.4906775951385498, 0.4337654411792755, 0.44372281432151794, 0.5818942189216614, 0.39574024081230164, 0.4087645411491394, 0.372566282749176, 0.4156348705291748, 0.3953034281730652, 0.36904633045196533, 0.35497796535491943, 0.362964391708374, 0.3518202602863312, 0.3714796006679535, 0.36417779326438904, 0.3362296223640442, 0.33176448941230774, 0.3347959816455841, 0.33663231134414673], "learning_rate": [0.009999999776482582, 0.009999999776482582, 0.009999999776482582, 0.009999999776482582, 0.009999999776482582, 0.009999999776482582, 0.009999999776482582, 0.009999999776482582, 0.009999999776482582, 0.009999999776482582, 0.004999999888241291, 0.004999999888241291, 0.004999999888241291, 0.004999999888241291, 0.004999999888241291, 0.0024999999441206455, 0.0024999999441206455, 0.0024999999441206455, 0.0024999999441206455, 0.0024999999441206455, 0.0012499999720603228, 0.0012499999720603228, 0.0012499999720603228, 0.0012499999720603228, 0.0012499999720603228, 0.0012499999720603228, 0.0006249999860301614, 0.0006249999860301614, 0.0006249999860301614, 0.0006249999860301614]}