{"accuracy": [0.2964000105857849, 0.4106749892234802, 0.4958750009536743, 0.5603749752044678, 0.600350022315979, 0.6266499757766724, 0.6556500196456909, 0.675125002861023, 0.6968500018119812, 0.7162250280380249, 0.728600025177002, 0.7437000274658203, 0.7547249794006348, 0.7659000158309937, 0.7724999785423279, 0.7812250256538391, 0.7895249724388123, 0.7959250211715698, 0.8048250079154968, 0.8099750280380249, 0.8277999758720398, 0.832099974155426, 0.8367249965667725, 0.838575005531311, 0.8417249917984009, 0.8515750169754028, 0.8541499972343445, 0.8566750288009644, 0.8566250205039978, 0.8588749766349792], "loss": [2.111382007598877, 1.6403441429138184, 1.400872826576233, 1.2392936944961548, 1.1234489679336548, 1.0443370342254639, 0.9725466966629028, 0.9191787838935852, 0.8678489327430725, 0.8188356161117554, 0.784246563911438, 0.7466086149215698, 0.7123590707778931, 0.6860731840133667, 0.6654633283615112, 0.6400673985481262, 0.6239099502563477, 0.6008588075637817, 0.5831372737884521, 0.5629240274429321, 0.5091570019721985, 0.4984644055366516, 0.4906618297100067, 0.4783858358860016, 0.470187246799469, 0.44393232464790344, 0.4357817471027374, 0.429994136095047, 0.4275245666503906, 0.42036089301109314], "val_accuracy": [0.3919999897480011, 0.49239999055862427, 0.597599983215332, 0.6294999718666077, 0.6692000031471252, 0.6647999882698059, 0.703000009059906, 0.7211999893188477, 0.7206000089645386, 0.7692999839782715, 0.7721999883651733, 0.7727000117301941, 0.7996000051498413, 0.7581999897956848, 0.8004999756813049, 0.7994999885559082, 0.8173999786376953, 0.8184000253677368, 0.7750999927520752, 0.7821000218391418, 0.8483999967575073, 0.8483999967575073, 0.8501999974250793, 0.8492000102996826, 0.8507999777793884, 0.8640999794006348, 0.8652999997138977, 0.8708999752998352, 0.8665000200271606, 0.8651000261306763], "val_loss": [1.6286078691482544, 1.4543870687484741, 1.1284630298614502, 1.0534675121307373, 0.9404858350753784, 0.9854424595832825, 0.8421738147735596, 0.8044739365577698, 0.8131635189056396, 0.6624188423156738, 0.6606479287147522, 0.6683508157730103, 0.593203067779541, 0.7052138447761536, 0.5831412076950073, 0.5898904204368591, 0.549105703830719, 0.5418365597724915, 0.715809166431427, 0.689795196056366, 0.45453768968582153, 0.4553375840187073, 0.4424012303352356, 0.4541167914867401, 0.44282588362693787, 0.40397414565086365, 0.40721428394317627, 0.38701003789901733, 0.4063858985900879, 0.4033365249633789], "learning_rate": [0.009999999776482582, 0.009999999776482582, 0.009999999776482582, 0.009999999776482582, 0.009999999776482582, 0.009999999776482582, 0.009999999776482582, 0.009999999776482582, 0.009999999776482582, 0.009999999776482582, 0.009999999776482582, 0.009999999776482582, 0.009999999776482582, 0.009999999776482582, 0.009999999776482582, 0.009999999776482582, 0.009999999776482582, 0.009999999776482582, 0.009999999776482582, 0.009999999776482582, 0.004999999888241291, 0.004999999888241291, 0.004999999888241291, 0.004999999888241291, 0.004999999888241291, 0.0024999999441206455, 0.0024999999441206455, 0.0024999999441206455, 0.0024999999441206455, 0.0024999999441206455]}