{"test_loss": 0.4107968807220459, "test_accuracy": 0.8614000082015991, "accuracy": 0.8614000082015991, "loss": 0.4107968807220459}