{"test_loss": 1.1681503057479858, "test_accuracy": 0.5878999829292297, "accuracy": 0.5878999829292297, "loss": 1.1681503057479858}