{"accuracy": [0.24185000360012054, 0.3445749878883362, 0.3927749991416931, 0.426800012588501, 0.4577749967575073, 0.4805249869823456, 0.5004249811172485, 0.5171250104904175, 0.5354999899864197, 0.5461000204086304, 0.559249997138977, 0.5704749822616577, 0.5781999826431274, 0.5858749747276306, 0.5857750177383423, 0.5944250226020813, 0.5964999794960022, 0.5963749885559082, 0.5970249772071838, 0.6004250049591064, 0.6025000214576721, 0.6017000079154968, 0.6003749966621399], "loss": [2.5805439949035645, 1.79842209815979, 1.6428638696670532, 1.5531327724456787, 1.4784716367721558, 1.423527717590332, 1.3715622425079346, 1.3290265798568726, 1.2865086793899536, 1.2548977136611938, 1.2133201360702515, 1.19443941116333, 1.1695584058761597, 1.1495850086212158, 1.1464766263961792, 1.1282751560211182, 1.12544584274292, 1.128570318222046, 1.1223188638687134, 1.1132981777191162, 1.1096781492233276, 1.1119322776794434, 1.1096081733703613], "val_accuracy": [0.4146000146865845, 0.4641000032424927, 0.4779999852180481, 0.49880000948905945, 0.5307000279426575, 0.5016000270843506, 0.5515999794006348, 0.5604000091552734, 0.5583999752998352, 0.5691999793052673, 0.588699996471405, 0.5734999775886536, 0.5564000010490417, 0.5789999961853027, 0.579800009727478, 0.5906999707221985, 0.588699996471405, 0.5879999995231628, 0.5803999900817871, 0.5891000032424927, 0.5875999927520752, 0.5924000144004822, 0.5843999981880188], "val_loss": [1.5970736742019653, 1.460518479347229, 1.4150876998901367, 1.3657722473144531, 1.3031221628189087, 1.4454083442687988, 1.2505831718444824, 1.2395374774932861, 1.2545008659362793, 1.2539951801300049, 1.1759867668151855, 1.2321161031723022, 1.279659628868103, 1.2238351106643677, 1.216926097869873, 1.1706169843673706, 1.1802833080291748, 1.1852468252182007, 1.2144354581832886, 1.180070161819458, 1.1925820112228394, 1.1774028539657593, 1.202206015586853], "learning_rate": [0.0010000000474974513, 0.0010000000474974513, 0.0010000000474974513, 0.0010000000474974513, 0.0010000000474974513, 0.0010000000474974513, 0.0010000000474974513, 0.0010000000474974513, 0.0010000000474974513, 0.0010000000474974513, 0.0005000000237487257, 0.0005000000237487257, 0.0005000000237487257, 0.0002500000118743628, 0.0002500000118743628, 0.0001250000059371814, 0.0001250000059371814, 0.0001250000059371814, 6.25000029685907e-05, 6.25000029685907e-05, 3.125000148429535e-05, 3.125000148429535e-05, 1.5625000742147677e-05]}