{"accuracy": [0.2642250061035156, 0.358474999666214, 0.4050750136375427, 0.43810001015663147, 0.46825000643730164, 0.49494999647140503, 0.5173749923706055, 0.5308250188827515, 0.5478000044822693, 0.5624250173568726, 0.5751749873161316, 0.586525022983551, 0.5967000126838684, 0.6094499826431274, 0.6184499859809875, 0.6231250166893005, 0.6334999799728394, 0.6413750052452087, 0.6445500254631042, 0.6541749835014343, 0.6596249938011169, 0.6674249768257141, 0.6704750061035156, 0.6787999868392944, 0.6823999881744385, 0.6866999864578247, 0.6937000155448914, 0.6993499994277954, 0.7030249834060669, 0.7067750096321106], "loss": [2.3889753818511963, 1.769317626953125, 1.6105844974517822, 1.5331021547317505, 1.4529372453689575, 1.387973427772522, 1.3268053531646729, 1.2878901958465576, 1.2531503438949585, 1.2140597105026245, 1.1819034814834595, 1.150134801864624, 1.12754487991333, 1.0995068550109863, 1.0809907913208008, 1.0576201677322388, 1.0367059707641602, 1.0158687829971313, 0.9962277412414551, 0.9758437275886536, 0.9649550914764404, 0.9473034143447876, 0.9371995329856873, 0.9116868376731873, 0.896121084690094, 0.8907811641693115, 0.8713106513023376, 0.8571116924285889, 0.8520711064338684, 0.8386005163192749], "val_accuracy": [0.4424999952316284, 0.4551999866962433, 0.47049999237060547, 0.5101000070571899, 0.5146999955177307, 0.5353000164031982, 0.5408999919891357, 0.5699999928474426, 0.5806999802589417, 0.5892999768257141, 0.6100000143051147, 0.6092000007629395, 0.5907999873161316, 0.6241000294685364, 0.6297000050544739, 0.6399999856948853, 0.612500011920929, 0.6388000249862671, 0.6518999934196472, 0.661300003528595, 0.6712999939918518, 0.6823999881744385, 0.6998000144958496, 0.7091000080108643, 0.6991000175476074, 0.7222999930381775, 0.7160000205039978, 0.725600004196167, 0.7300999760627747, 0.7394999861717224], "val_loss": [1.529276728630066, 1.4887158870697021, 1.4391831159591675, 1.3376716375350952, 1.3293253183364868, 1.2749824523925781, 1.2958711385726929, 1.1877480745315552, 1.1659011840820312, 1.1648355722427368, 1.1014249324798584, 1.0981124639511108, 1.1628161668777466, 1.075900673866272, 1.0421830415725708, 1.0239940881729126, 1.1228110790252686, 1.0191943645477295, 0.9909673929214478, 0.9683070182800293, 0.945506751537323, 0.8913120031356812, 0.8596445322036743, 0.8228221535682678, 0.8495737314224243, 0.7925124764442444, 0.823560357093811, 0.7846457958221436, 0.7841981649398804, 0.7467896938323975], "learning_rate": [0.0010000000474974513, 0.0010000000474974513, 0.0010000000474974513, 0.0010000000474974513, 0.0010000000474974513, 0.0010000000474974513, 0.0010000000474974513, 0.0010000000474974513, 0.0010000000474974513, 0.0010000000474974513, 0.0010000000474974513, 0.0010000000474974513, 0.0010000000474974513, 0.0010000000474974513, 0.0010000000474974513, 0.0010000000474974513, 0.0010000000474974513, 0.0010000000474974513, 0.0010000000474974513, 0.0010000000474974513, 0.0010000000474974513, 0.0010000000474974513, 0.0010000000474974513, 0.0010000000474974513, 0.0010000000474974513, 0.0010000000474974513, 0.0010000000474974513, 0.0010000000474974513, 0.0010000000474974513, 0.0010000000474974513]}