{"test_loss": 0.768685519695282, "test_accuracy": 0.7314000129699707, "accuracy": 0.7314000129699707, "loss": 0.768685519695282}