{"accuracy": [0.341949999332428, 0.5012750029563904, 0.5754749774932861, 0.6290000081062317, 0.6621500253677368, 0.6937000155448914, 0.7197750210762024, 0.7358499765396118, 0.7523499727249146, 0.7648749947547913, 0.7761750221252441, 0.7868250012397766, 0.795324981212616, 0.8011999726295471, 0.8096500039100647, 0.8118249773979187, 0.8177499771118164, 0.8218500018119812, 0.8254749774932861, 0.8344500064849854, 0.8364499807357788, 0.8387500047683716, 0.8444250226020813, 0.8602250218391418, 0.8636749982833862, 0.8674499988555908, 0.8706750273704529, 0.8761000037193298, 0.8744750022888184, 0.8813999891281128, 0.8868499994277954, 0.8865000009536743, 0.889074981212616, 0.8924999833106995, 0.8957250118255615, 0.8967249989509583, 0.897350013256073, 0.8974499702453613, 0.9001500010490417, 0.9025750160217285, 0.9009000062942505, 0.9027249813079834, 0.9042500257492065, 0.905875027179718, 0.9059500098228455, 0.9040499925613403, 0.9048749804496765], "loss": [1.9034231901168823, 1.3907482624053955, 1.1875921487808228, 1.059356451034546, 0.9640668034553528, 0.8866336941719055, 0.8198332786560059, 0.7693407535552979, 0.7299462556838989, 0.6915454268455505, 0.6633829474449158, 0.6297970414161682, 0.6139537692070007, 0.5879156589508057, 0.5760869383811951, 0.5609620213508606, 0.5431835055351257, 0.5294203758239746, 0.5127610564231873, 0.49243050813674927, 0.488097220659256, 0.48076122999191284, 0.46400976181030273, 0.41852638125419617, 0.40373465418815613, 0.3952421247959137, 0.38990139961242676, 0.37433671951293945, 0.3775595724582672, 0.35341835021972656, 0.3360350430011749, 0.33931946754455566, 0.32943853735923767, 0.3186810314655304, 0.3093108534812927, 0.3074583411216736, 0.30651330947875977, 0.3066541254520416, 0.2981165051460266, 0.29696357250213623, 0.2965744733810425, 0.29456639289855957, 0.2897496521472931, 0.28431007266044617, 0.2836029827594757, 0.28574466705322266, 0.28796467185020447], "val_accuracy": [0.4934999942779541, 0.5889000296592712, 0.6599000096321106, 0.6254000067710876, 0.7179999947547913, 0.7156000137329102, 0.7656000256538391, 0.7513999938964844, 0.7861999869346619, 0.7657999992370605, 0.8008000254631042, 0.7982000112533569, 0.814300000667572, 0.8217999935150146, 0.8180000185966492, 0.8271999955177307, 0.8382999897003174, 0.8442000150680542, 0.8364999890327454, 0.8543000221252441, 0.8493000268936157, 0.8497999906539917, 0.8551999926567078, 0.8680999875068665, 0.8644000291824341, 0.8766000270843506, 0.8737999796867371, 0.8621000051498413, 0.8769000172615051, 0.890500009059906, 0.8870000243186951, 0.882099986076355, 0.8830000162124634, 0.8906000256538391, 0.8920999765396118, 0.8920999765396118, 0.8919000029563904, 0.8898000121116638, 0.8902000188827515, 0.8902000188827515, 0.8917999863624573, 0.8919000029563904, 0.8919000029563904, 0.8921999931335449, 0.8924999833106995, 0.8934000134468079, 0.8913999795913696], "val_loss": [1.398242473602295, 1.1862125396728516, 0.9527190327644348, 1.0790985822677612, 0.7958599925041199, 0.8660621047019958, 0.7158475518226624, 0.7158830761909485, 0.6393807530403137, 0.7086598873138428, 0.5957121849060059, 0.6033980250358582, 0.550414502620697, 0.5467319488525391, 0.5417650938034058, 0.515343427658081, 0.4865051209926605, 0.46056005358695984, 0.4825999140739441, 0.44426053762435913, 0.44960033893585205, 0.45490580797195435, 0.44485604763031006, 0.3963252305984497, 0.4137856066226959, 0.37503281235694885, 0.38303589820861816, 0.43006134033203125, 0.38986924290657043, 0.341465026140213, 0.35386380553245544, 0.36053556203842163, 0.35617896914482117, 0.3389378488063812, 0.3369070887565613, 0.3374752104282379, 0.33687275648117065, 0.341268390417099, 0.3394940495491028, 0.34107479453086853, 0.33098599314689636, 0.32828640937805176, 0.32912471890449524, 0.3369072377681732, 0.33580926060676575, 0.3334856331348419, 0.3345614969730377], "learning_rate": [0.0010000000474974513, 0.0010000000474974513, 0.0010000000474974513, 0.0010000000474974513, 0.0010000000474974513, 0.0010000000474974513, 0.0010000000474974513, 0.0010000000474974513, 0.0010000000474974513, 0.0010000000474974513, 0.0010000000474974513, 0.0010000000474974513, 0.0010000000474974513, 0.0010000000474974513, 0.0010000000474974513, 0.0010000000474974513, 0.0010000000474974513, 0.0010000000474974513, 0.0010000000474974513, 0.0010000000474974513, 0.0010000000474974513, 0.0010000000474974513, 0.0010000000474974513, 0.0005000000237487257, 0.0005000000237487257, 0.0005000000237487257, 0.0005000000237487257, 0.0005000000237487257, 0.0005000000237487257, 0.0002500000118743628, 0.0002500000118743628, 0.0002500000118743628, 0.0002500000118743628, 0.0001250000059371814, 0.0001250000059371814, 0.0001250000059371814, 0.0001250000059371814, 0.0001250000059371814, 6.25000029685907e-05, 6.25000029685907e-05, 6.25000029685907e-05, 6.25000029685907e-05, 6.25000029685907e-05, 6.25000029685907e-05, 6.25000029685907e-05, 3.125000148429535e-05, 3.125000148429535e-05]}