{"accuracy": 0.8906000256538391, "loss": 0.34712299704551697}