{"accuracy": [0.2788749933242798, 0.37880000472068787, 0.4323999881744385, 0.47530001401901245, 0.5090500116348267, 0.5351250171661377, 0.5590500235557556, 0.5832250118255615, 0.5881500244140625, 0.5993000268936157, 0.6077499985694885, 0.6118000149726868, 0.6191499829292297, 0.6252750158309937, 0.6328499913215637, 0.640999972820282, 0.6435999870300293, 0.6475750207901001, 0.6528249979019165, 0.6551499962806702, 0.6580250263214111, 0.6640250086784363, 0.6640750169754028, 0.662850022315979, 0.6692500114440918, 0.6703500151634216, 0.6709499955177307], "loss": [2.2602527141571045, 1.719178318977356, 1.5413382053375244, 1.4347606897354126, 1.3485846519470215, 1.27987802028656, 1.2234230041503906, 1.161637544631958, 1.1408601999282837, 1.1183784008026123, 1.089640498161316, 1.0760527849197388, 1.0565460920333862, 1.0386872291564941, 1.025895357131958, 1.000778317451477, 0.991024911403656, 0.9797357320785522, 0.9688630700111389, 0.9654812216758728, 0.9579246044158936, 0.9446706771850586, 0.941577136516571, 0.9408277273178101, 0.9274836778640747, 0.9265083074569702, 0.9214954972267151], "val_accuracy": [0.4487999975681305, 0.4758000075817108, 0.5076000094413757, 0.5349000096321106, 0.5764999985694885, 0.5534999966621399, 0.5817999839782715, 0.621399998664856, 0.6326000094413757, 0.6324999928474426, 0.6301000118255615, 0.63919997215271, 0.6516000032424927, 0.6456999778747559, 0.6445000171661377, 0.6624000072479248, 0.660099983215332, 0.6651999950408936, 0.6726999878883362, 0.6859999895095825, 0.6858999729156494, 0.6741999983787537, 0.6818000078201294, 0.6829000115394592, 0.6869999766349792, 0.684499979019165, 0.6866999864578247], "val_loss": [1.5185317993164062, 1.4214377403259277, 1.3411248922348022, 1.2657278776168823, 1.1730237007141113, 1.2669258117675781, 1.1873317956924438, 1.0788015127182007, 1.0374524593353271, 1.0268125534057617, 1.0313317775726318, 0.9978827238082886, 0.9755536913871765, 0.9877601265907288, 0.9965755939483643, 0.9481407999992371, 0.9617530107498169, 0.9369199275970459, 0.9207820296287537, 0.8779830932617188, 0.8812665939331055, 0.9133465886116028, 0.8939342498779297, 0.8903245329856873, 0.8799622058868408, 0.8819540739059448, 0.8797461986541748], "learning_rate": [0.0010000000474974513, 0.0010000000474974513, 0.0010000000474974513, 0.0010000000474974513, 0.0010000000474974513, 0.0010000000474974513, 0.0010000000474974513, 0.0005000000237487257, 0.0005000000237487257, 0.0005000000237487257, 0.0005000000237487257, 0.0005000000237487257, 0.0005000000237487257, 0.0005000000237487257, 0.0005000000237487257, 0.0002500000118743628, 0.0002500000118743628, 0.0002500000118743628, 0.0002500000118743628, 0.0002500000118743628, 0.0002500000118743628, 0.0002500000118743628, 0.0001250000059371814, 0.0001250000059371814, 6.25000029685907e-05, 6.25000029685907e-05, 3.125000148429535e-05]}