{"test_loss": 0.8755267858505249, "test_accuracy": 0.6870999932289124, "accuracy": 0.6870999932289124, "loss": 0.8755267858505249}