{"test_loss": 0.3173728883266449, "test_accuracy": 0.9042999744415283, "accuracy": 0.9042999744415283, "loss": 0.3173728883266449}