{"accuracy": [0.31152498722076416, 0.4731999933719635, 0.5770249962806702, 0.6643999814987183, 0.7039250135421753, 0.7300500273704529, 0.7552000284194946, 0.7724499702453613, 0.784850001335144, 0.796875, 0.810699999332428, 0.8183000087738037, 0.8276749849319458, 0.8375250101089478, 0.8426250219345093, 0.845550000667572, 0.8555499911308289, 0.8776249885559082, 0.8893499970436096, 0.8926249742507935, 0.9055749773979187, 0.9099249839782715, 0.9131749868392944, 0.917900025844574, 0.9219750165939331, 0.925125002861023, 0.9292749762535095, 0.9301499724388123, 0.9329749941825867, 0.931725025177002], "loss": [2.0119736194610596, 1.4433153867721558, 1.189080834388733, 0.952974796295166, 0.8597699403762817, 0.7880814075469971, 0.7295547127723694, 0.6795659065246582, 0.6393449902534485, 0.5997670888900757, 0.5644963383674622, 0.5411555767059326, 0.5149070620536804, 0.4882441461086273, 0.4721162021160126, 0.45857661962509155, 0.4390299320220947, 0.36463138461112976, 0.3334346115589142, 0.32168760895729065, 0.28214940428733826, 0.2668817341327667, 0.26118913292884827, 0.24097175896167755, 0.23143407702445984, 0.22495239973068237, 0.2168777585029602, 0.21003708243370056, 0.2005256861448288, 0.2032678723335266], "val_accuracy": [0.3840000033378601, 0.39879998564720154, 0.42980000376701355, 0.6980000138282776, 0.6618000268936157, 0.7400000095367432, 0.7806000113487244, 0.7613999843597412, 0.7929999828338623, 0.791700005531311, 0.8097000122070312, 0.8159000277519226, 0.8174999952316284, 0.8309000134468079, 0.8482000231742859, 0.8230999708175659, 0.8068000078201294, 0.8752999901771545, 0.8727999925613403, 0.8741000294685364, 0.8970999717712402, 0.890500009059906, 0.8898000121116638, 0.8970999717712402, 0.8999999761581421, 0.9003999829292297, 0.8999000191688538, 0.9014999866485596, 0.902999997138977, 0.9061999917030334], "val_loss": [1.7540571689605713, 2.2918944358825684, 2.3186495304107666, 0.8648383617401123, 1.0071144104003906, 0.7650726437568665, 0.6615169644355774, 0.7076558470726013, 0.6384711861610413, 0.6331802010536194, 0.6172875761985779, 0.5791500806808472, 0.5447950959205627, 0.5367653965950012, 0.46467724442481995, 0.5435383915901184, 0.6431108117103577, 0.3886963725090027, 0.4122809171676636, 0.3937462270259857, 0.3221858739852905, 0.34092578291893005, 0.3510606288909912, 0.3172254264354706, 0.3209724724292755, 0.32514557242393494, 0.3169208765029907, 0.3144685626029968, 0.31204208731651306, 0.30799180269241333], "learning_rate": [0.009999999776482582, 0.009999999776482582, 0.009999999776482582, 0.004999999888241291, 0.004999999888241291, 0.004999999888241291, 0.004999999888241291, 0.004999999888241291, 0.004999999888241291, 0.004999999888241291, 0.004999999888241291, 0.004999999888241291, 0.004999999888241291, 0.004999999888241291, 0.004999999888241291, 0.004999999888241291, 0.004999999888241291, 0.0024999999441206455, 0.0024999999441206455, 0.0024999999441206455, 0.0012499999720603228, 0.0012499999720603228, 0.0012499999720603228, 0.0006249999860301614, 0.0006249999860301614, 0.0006249999860301614, 0.0003124999930150807, 0.0003124999930150807, 0.0003124999930150807, 0.0003124999930150807]}