{"test_loss": 0.3943455219268799, "test_accuracy": 0.8705000281333923, "accuracy": 0.8705000281333923, "loss": 0.3943455219268799}