{"accuracy": [0.3379000127315521, 0.46607500314712524, 0.5526250004768372, 0.6057000160217285, 0.6434500217437744, 0.6782000064849854, 0.6958749890327454, 0.7144500017166138, 0.7335000038146973, 0.7460749745368958, 0.7605000138282776, 0.7700499892234802, 0.7848749756813049, 0.7874500155448914, 0.7988499999046326, 0.8058000206947327, 0.812125027179718, 0.8173750042915344, 0.8241750001907349, 0.8292499780654907, 0.8452500104904175, 0.8508999943733215, 0.8545250296592712, 0.85794997215271, 0.8654000163078308, 0.8675749897956848, 0.8698750138282776, 0.8694999814033508, 0.8722249865531921, 0.8757749795913696], "loss": [1.9183940887451172, 1.4797358512878418, 1.2513175010681152, 1.1065410375595093, 1.00409734249115, 0.9196388721466064, 0.8609180450439453, 0.8189890384674072, 0.7641895413398743, 0.7316216230392456, 0.6942527294158936, 0.6660229563713074, 0.6357857584953308, 0.618068516254425, 0.589137852191925, 0.5714066624641418, 0.5511917471885681, 0.538759171962738, 0.5135367512702942, 0.500714898109436, 0.46013158559799194, 0.4394204616546631, 0.431030809879303, 0.41850972175598145, 0.3988935947418213, 0.3913254737854004, 0.385468453168869, 0.3801170289516449, 0.376455157995224, 0.3675313889980316], "val_accuracy": [0.43880000710487366, 0.5418999791145325, 0.6144999861717224, 0.6453999876976013, 0.6793000102043152, 0.7142000198364258, 0.736299991607666, 0.746999979019165, 0.765999972820282, 0.7511000037193298, 0.7781999707221985, 0.7815999984741211, 0.804099977016449, 0.7989000082015991, 0.8105000257492065, 0.8156999945640564, 0.8180000185966492, 0.8363999724388123, 0.8371000289916992, 0.8381999731063843, 0.8514000177383423, 0.8587999939918518, 0.8533999919891357, 0.8583999872207642, 0.8646000027656555, 0.864300012588501, 0.8737000226974487, 0.8686000108718872, 0.8726000189781189, 0.8751000165939331], "val_loss": [1.6570708751678467, 1.3462073802947998, 1.095023274421692, 1.1023404598236084, 0.9203094840049744, 0.8392869830131531, 0.7594354748725891, 0.7638267874717712, 0.687705397605896, 0.7312439680099487, 0.6487793922424316, 0.6813561320304871, 0.5813212990760803, 0.603323221206665, 0.561834990978241, 0.5640509128570557, 0.5537895560264587, 0.4894886612892151, 0.48966410756111145, 0.4909749925136566, 0.4456329643726349, 0.4274337887763977, 0.44289493560791016, 0.4344998002052307, 0.3998083174228668, 0.40402957797050476, 0.38389742374420166, 0.39745140075683594, 0.38562265038490295, 0.37806642055511475], "learning_rate": [0.009999999776482582, 0.009999999776482582, 0.009999999776482582, 0.009999999776482582, 0.009999999776482582, 0.009999999776482582, 0.009999999776482582, 0.009999999776482582, 0.009999999776482582, 0.009999999776482582, 0.009999999776482582, 0.009999999776482582, 0.009999999776482582, 0.009999999776482582, 0.009999999776482582, 0.009999999776482582, 0.009999999776482582, 0.009999999776482582, 0.009999999776482582, 0.009999999776482582, 0.004999999888241291, 0.004999999888241291, 0.004999999888241291, 0.004999999888241291, 0.0024999999441206455, 0.0024999999441206455, 0.0024999999441206455, 0.0024999999441206455, 0.0024999999441206455, 0.0012499999720603228]}