{"test_loss": 0.31288936734199524, "test_accuracy": 0.9031999707221985, "accuracy": 0.9031999707221985, "loss": 0.31288936734199524}