{"accuracy": [0.36559998989105225, 0.521049976348877, 0.6114500164985657, 0.6673250198364258, 0.7114499807357788, 0.7384499907493591, 0.7612249851226807, 0.7809749841690063, 0.8167750239372253, 0.8323000073432922, 0.8412500023841858, 0.8480749726295471, 0.8539999723434448, 0.8620250225067139, 0.8687999844551086, 0.8704749941825867, 0.890625, 0.8951249718666077, 0.9003750085830688, 0.9041000008583069, 0.90767502784729, 0.9124249815940857, 0.91982501745224, 0.9216499924659729, 0.925225019454956, 0.9255250096321106, 0.9293749928474426, 0.9332249760627747, 0.9351249933242798, 0.9341750144958496], "loss": [1.9512948989868164, 1.3787717819213867, 1.0982451438903809, 0.9508991241455078, 0.8409463763237, 0.7638174891471863, 0.7040408253669739, 0.6440772414207458, 0.5340201258659363, 0.4964491128921509, 0.4722774028778076, 0.4478509724140167, 0.4348228871822357, 0.414671391248703, 0.3920830190181732, 0.38287153840065, 0.3231152892112732, 0.30938977003097534, 0.29377278685569763, 0.283069908618927, 0.27438050508499146, 0.26078352332115173, 0.2417486011981964, 0.23235197365283966, 0.22220778465270996, 0.21789616346359253, 0.21032629907131195, 0.19660872220993042, 0.19460691511631012, 0.19301387667655945], "val_accuracy": [0.49900001287460327, 0.571399986743927, 0.6715999841690063, 0.739300012588501, 0.7494000196456909, 0.7967000007629395, 0.7886999845504761, 0.7712000012397766, 0.8274999856948853, 0.8378999829292297, 0.8536999821662903, 0.8407999873161316, 0.8687999844551086, 0.8741000294685364, 0.8440999984741211, 0.8737000226974487, 0.8863000273704529, 0.8892999887466431, 0.8896999955177307, 0.8978999853134155, 0.887499988079071, 0.8944000005722046, 0.9007999897003174, 0.9010999798774719, 0.9046000242233276, 0.9053000211715698, 0.9023000001907349, 0.9071000218391418, 0.9065999984741211, 0.9089000225067139], "val_loss": [1.5210641622543335, 1.3133562803268433, 0.9689375758171082, 0.7596524953842163, 0.7356271743774414, 0.6031734347343445, 0.6144888997077942, 0.7083846926689148, 0.502767026424408, 0.48240014910697937, 0.44235682487487793, 0.4892732799053192, 0.3887719511985779, 0.38313379883766174, 0.48713961243629456, 0.3851377069950104, 0.34926837682724, 0.33825886249542236, 0.34289440512657166, 0.3211170732975006, 0.35231491923332214, 0.3271723687648773, 0.31126168370246887, 0.31075528264045715, 0.29917508363723755, 0.30300331115722656, 0.31523755192756653, 0.2976633906364441, 0.29993075132369995, 0.29281866550445557], "learning_rate": [0.0010000000474974513, 0.0010000000474974513, 0.0010000000474974513, 0.0010000000474974513, 0.0010000000474974513, 0.0010000000474974513, 0.0010000000474974513, 0.0010000000474974513, 0.0005000000237487257, 0.0005000000237487257, 0.0005000000237487257, 0.0005000000237487257, 0.0005000000237487257, 0.0005000000237487257, 0.0005000000237487257, 0.0005000000237487257, 0.0002500000118743628, 0.0002500000118743628, 0.0002500000118743628, 0.0002500000118743628, 0.0002500000118743628, 0.0002500000118743628, 0.0001250000059371814, 0.0001250000059371814, 0.0001250000059371814, 0.0001250000059371814, 0.0001250000059371814, 6.25000029685907e-05, 6.25000029685907e-05, 6.25000029685907e-05]}