{"accuracy": [0.27857500314712524, 0.4092000126838684, 0.511775016784668, 0.5889250040054321, 0.6413000226020813, 0.7049999833106995, 0.731024980545044, 0.7508500218391418, 0.7635499835014343, 0.7795249819755554, 0.7925000190734863, 0.8040249943733215, 0.8116000294685364, 0.8226500153541565, 0.8327999711036682, 0.8355500102043152, 0.8592249751091003, 0.873199999332428, 0.8755249977111816, 0.880424976348877, 0.885200023651123, 0.8870000243186951, 0.8900499939918518, 0.9046499729156494, 0.9085999727249146, 0.9121999740600586, 0.9132999777793884, 0.9140499830245972, 0.918150007724762, 0.918274998664856], "loss": [2.120929002761841, 1.595639705657959, 1.3576223850250244, 1.1628355979919434, 1.0294770002365112, 0.8505430817604065, 0.7885369658470154, 0.7333332300186157, 0.698907732963562, 0.6567803025245667, 0.6191906929016113, 0.5858442187309265, 0.5636252760887146, 0.5351391434669495, 0.507742702960968, 0.49404022097587585, 0.4178678095340729, 0.38082119822502136, 0.36946970224380493, 0.3604009747505188, 0.34140580892562866, 0.3316117227077484, 0.3258788585662842, 0.2843290865421295, 0.2735176384449005, 0.25930696725845337, 0.2549906373023987, 0.2520022988319397, 0.24557319283485413, 0.24011662602424622], "val_accuracy": [0.30379998683929443, 0.3569999933242798, 0.54339998960495, 0.5435000061988831, 0.5501999855041504, 0.704800009727478, 0.7117000222206116, 0.7427999973297119, 0.7919999957084656, 0.8091999888420105, 0.8144999742507935, 0.8357999920845032, 0.8363999724388123, 0.840499997138977, 0.8406000137329102, 0.8292999863624573, 0.8644999861717224, 0.8507000207901001, 0.8748999834060669, 0.8813999891281128, 0.8866000175476074, 0.8828999996185303, 0.8834999799728394, 0.8877000212669373, 0.8949000239372253, 0.8991000056266785, 0.9000999927520752, 0.8999000191688538, 0.9006999731063843, 0.8981999754905701], "val_loss": [2.2547833919525146, 2.158234119415283, 1.3667395114898682, 1.4522615671157837, 1.7439032793045044, 0.8292993903160095, 0.8701643347740173, 0.7442643642425537, 0.6239139437675476, 0.5795396566390991, 0.5670133829116821, 0.48752304911613464, 0.48426708579063416, 0.47672808170318604, 0.511245846748352, 0.538672685623169, 0.4205474257469177, 0.4996686577796936, 0.3858833909034729, 0.3685406446456909, 0.35277706384658813, 0.357209175825119, 0.36531829833984375, 0.3722795844078064, 0.3378434181213379, 0.33945244550704956, 0.3259240388870239, 0.32579222321510315, 0.3264739513397217, 0.33831164240837097], "learning_rate": [0.009999999776482582, 0.009999999776482582, 0.009999999776482582, 0.009999999776482582, 0.009999999776482582, 0.004999999888241291, 0.004999999888241291, 0.004999999888241291, 0.004999999888241291, 0.004999999888241291, 0.004999999888241291, 0.004999999888241291, 0.004999999888241291, 0.004999999888241291, 0.004999999888241291, 0.004999999888241291, 0.0024999999441206455, 0.0024999999441206455, 0.0024999999441206455, 0.0024999999441206455, 0.0024999999441206455, 0.0024999999441206455, 0.0024999999441206455, 0.0012499999720603228, 0.0012499999720603228, 0.0012499999720603228, 0.0012499999720603228, 0.0012499999720603228, 0.0012499999720603228, 0.0012499999720603228]}