{"test_loss": 0.33882027864456177, "test_accuracy": 0.8920000195503235, "accuracy": 0.8920000195503235, "loss": 0.33882027864456177}