{"test_loss": 0.8977988362312317, "test_accuracy": 0.6775000095367432, "accuracy": 0.6775000095367432, "loss": 0.8977988362312317}