{"accuracy": [0.24414999783039093, 0.3445749878883362, 0.3926750123500824, 0.4249500036239624, 0.44394999742507935, 0.47189998626708984, 0.49027499556541443, 0.5098749995231628, 0.5253999829292297, 0.5392500162124634, 0.5509250164031982, 0.5595750212669373, 0.5730249881744385, 0.5815250277519226, 0.5928500294685364, 0.6022499799728394, 0.6116250157356262, 0.6213499903678894, 0.6252999901771545, 0.6316249966621399, 0.632224977016449, 0.63919997215271, 0.6403250098228455, 0.6431000232696533, 0.6452749967575073, 0.6466500163078308, 0.6524249911308289, 0.6532750129699707, 0.654325008392334, 0.6539499759674072], "loss": [2.549290180206299, 1.7886191606521606, 1.6458131074905396, 1.5620627403259277, 1.5058214664459229, 1.4440720081329346, 1.3966515064239502, 1.3483253717422485, 1.3015990257263184, 1.2726646661758423, 1.23812735080719, 1.213959813117981, 1.179154396057129, 1.161056399345398, 1.1322532892227173, 1.109343409538269, 1.090781569480896, 1.0623890161514282, 1.0548933744430542, 1.0397812128067017, 1.0246602296829224, 1.011594295501709, 1.0133895874023438, 1.00062894821167, 0.997364342212677, 0.9916560649871826, 0.9792343974113464, 0.9819769263267517, 0.9718347787857056, 0.9724413156509399], "val_accuracy": [0.4174000024795532, 0.4726000130176544, 0.484499990940094, 0.5090000033378601, 0.49959999322891235, 0.5192999839782715, 0.5551999807357788, 0.5570999979972839, 0.5806000232696533, 0.5813999772071838, 0.6065000295639038, 0.605400025844574, 0.6258999705314636, 0.6148999929428101, 0.6424000263214111, 0.6383000016212463, 0.6258999705314636, 0.6572999954223633, 0.6575999855995178, 0.656499981880188, 0.6610000133514404, 0.6733999848365784, 0.6710000038146973, 0.6807000041007996, 0.6708999872207642, 0.6816999912261963, 0.6772000193595886, 0.6825000047683716, 0.6823999881744385, 0.6862999796867371], "val_loss": [1.5947105884552002, 1.4652433395385742, 1.4094419479370117, 1.336717963218689, 1.3535256385803223, 1.3306896686553955, 1.2111817598342896, 1.2358046770095825, 1.1763473749160767, 1.1624281406402588, 1.1027511358261108, 1.1037712097167969, 1.0456902980804443, 1.0706567764282227, 0.9783415794372559, 1.0115545988082886, 1.048316478729248, 0.9427849650382996, 0.9482709169387817, 0.9724315404891968, 0.9416407346725464, 0.9052842855453491, 0.9237957000732422, 0.8909630179405212, 0.9234375953674316, 0.8918493986129761, 0.9112345576286316, 0.881715714931488, 0.8917993903160095, 0.8799126148223877], "learning_rate": [0.0010000000474974513, 0.0010000000474974513, 0.0010000000474974513, 0.0010000000474974513, 0.0010000000474974513, 0.0010000000474974513, 0.0010000000474974513, 0.0010000000474974513, 0.0010000000474974513, 0.0010000000474974513, 0.0010000000474974513, 0.0010000000474974513, 0.0010000000474974513, 0.0010000000474974513, 0.0010000000474974513, 0.0010000000474974513, 0.0010000000474974513, 0.0005000000237487257, 0.0005000000237487257, 0.0005000000237487257, 0.0002500000118743628, 0.0002500000118743628, 0.0002500000118743628, 0.0002500000118743628, 0.0002500000118743628, 0.0002500000118743628, 0.0001250000059371814, 0.0001250000059371814, 0.0001250000059371814, 0.0001250000059371814]}