{"test_loss": 0.38627368211746216, "test_accuracy": 0.8751000165939331, "accuracy": 0.8751000165939331, "loss": 0.38627368211746216}