{"accuracy": [0.3154999911785126, 0.4310249984264374, 0.5086249709129333, 0.5681250095367432, 0.61285001039505, 0.6459000110626221, 0.6734499931335449, 0.6922000050544739, 0.7153750061988831, 0.7327250242233276, 0.7499499917030334, 0.7612500190734863, 0.7695249915122986, 0.781000018119812, 0.7886999845504761, 0.7993749976158142, 0.8046000003814697, 0.8141250014305115, 0.8203250169754028, 0.8241000175476074, 0.8295249938964844, 0.8446750044822693, 0.8550000190734863, 0.8558750152587891, 0.8589249849319458, 0.8670499920845032, 0.869949996471405, 0.874875009059906, 0.8748499751091003, 0.8780249953269958], "loss": [2.021662473678589, 1.5760715007781982, 1.3639538288116455, 1.2076289653778076, 1.083785891532898, 1.0051817893981934, 0.9324382543563843, 0.8759462833404541, 0.8155549764633179, 0.7674005627632141, 0.733651340007782, 0.697862982749939, 0.6683548092842102, 0.6418682932853699, 0.6185362339019775, 0.5865428447723389, 0.573447048664093, 0.5491258502006531, 0.5286237597465515, 0.5173676013946533, 0.5011530518531799, 0.46000799536705017, 0.4326397478580475, 0.428920716047287, 0.4189997613430023, 0.3966373801231384, 0.38485440611839294, 0.3759559690952301, 0.37150633335113525, 0.3646233379840851], "val_accuracy": [0.4625000059604645, 0.5115000009536743, 0.5813999772071838, 0.6223000288009644, 0.6642000079154968, 0.7249000072479248, 0.728600025177002, 0.7423999905586243, 0.7577000260353088, 0.7849000096321106, 0.7739999890327454, 0.7928000092506409, 0.7876999974250793, 0.819100022315979, 0.8278999924659729, 0.8323000073432922, 0.8219000101089478, 0.8424000144004822, 0.8495000004768372, 0.8471999764442444, 0.8310999870300293, 0.8514000177383423, 0.8690999746322632, 0.8532999753952026, 0.8679999709129333, 0.8774999976158142, 0.8787000179290771, 0.8784000277519226, 0.8792999982833862, 0.882099986076355], "val_loss": [1.4651167392730713, 1.3922367095947266, 1.1919593811035156, 1.1131690740585327, 0.9894170165061951, 0.7789115309715271, 0.772466778755188, 0.7459030747413635, 0.7069494724273682, 0.6259899139404297, 0.6673517823219299, 0.6189538836479187, 0.6378376483917236, 0.5356664061546326, 0.5118276476860046, 0.4994516670703888, 0.5236836075782776, 0.4691799283027649, 0.4553341865539551, 0.47241127490997314, 0.5174996852874756, 0.457865834236145, 0.3870777189731598, 0.45333945751190186, 0.41559848189353943, 0.3708874583244324, 0.3694537580013275, 0.3710698187351227, 0.3774341940879822, 0.36454975605010986], "learning_rate": [0.009999999776482582, 0.009999999776482582, 0.009999999776482582, 0.009999999776482582, 0.009999999776482582, 0.009999999776482582, 0.009999999776482582, 0.009999999776482582, 0.009999999776482582, 0.009999999776482582, 0.009999999776482582, 0.009999999776482582, 0.009999999776482582, 0.009999999776482582, 0.009999999776482582, 0.009999999776482582, 0.009999999776482582, 0.009999999776482582, 0.009999999776482582, 0.009999999776482582, 0.009999999776482582, 0.004999999888241291, 0.004999999888241291, 0.004999999888241291, 0.004999999888241291, 0.0024999999441206455, 0.0024999999441206455, 0.0024999999441206455, 0.0024999999441206455, 0.0012499999720603228]}