{"accuracy": [0.4215250015258789, 0.6142749786376953, 0.6925250291824341, 0.7348499894142151, 0.7652000188827515, 0.7896999716758728, 0.8108500242233276, 0.8259000182151794, 0.8397499918937683, 0.8532750010490417], "loss": [1.707551121711731, 1.091924786567688, 0.8791480660438538, 0.7671758532524109, 0.6856069564819336, 0.6120825409889221, 0.5554842352867126, 0.5127172470092773, 0.46642109751701355, 0.43160971999168396], "val_accuracy": [0.5735999941825867, 0.6771000027656555, 0.6775000095367432, 0.7396000027656555, 0.7236999869346619, 0.7777000069618225, 0.7990999817848206, 0.8077999949455261, 0.8144999742507935, 0.8230000138282776], "val_loss": [1.260827660560608, 0.9122747182846069, 0.9386482238769531, 0.7608477473258972, 0.8497591614723206, 0.6549823880195618, 0.5723658204078674, 0.5796625018119812, 0.5726160407066345, 0.545534610748291]}