{"accuracy": 0.819100022315979, "loss": 0.5478453040122986}