{"accuracy": [0.35837501287460327, 0.482450008392334, 0.5594750046730042, 0.6090750098228455, 0.6513500213623047, 0.6754249930381775, 0.7023000121116638, 0.7235000133514404, 0.7347000241279602, 0.7509250044822693, 0.7756999731063843, 0.7849500179290771, 0.7949000000953674, 0.7975999712944031, 0.8009999990463257, 0.8077750205993652, 0.8149250149726868, 0.8158749938011169, 0.8190000057220459, 0.8271499872207642, 0.8374999761581421, 0.8415499925613403, 0.8440999984741211, 0.8489750027656555, 0.8463500142097473, 0.8543499708175659, 0.8556749820709229, 0.8590999841690063, 0.8604000210762024, 0.8629500269889832], "loss": [1.8340590000152588, 1.4233139753341675, 1.2235052585601807, 1.0921666622161865, 0.985644519329071, 0.9145971536636353, 0.8488231301307678, 0.7933729290962219, 0.7660004496574402, 0.7204858064651489, 0.6499433517456055, 0.6241005063056946, 0.5966134667396545, 0.5874727964401245, 0.5745400190353394, 0.5599498748779297, 0.5375727415084839, 0.5345783233642578, 0.5249009728431702, 0.5044910311698914, 0.47321319580078125, 0.46284642815589905, 0.45637738704681396, 0.44862544536590576, 0.44760826230049133, 0.4280087947845459, 0.4231564998626709, 0.4137265980243683, 0.411800742149353, 0.40025317668914795], "val_accuracy": [0.45559999346733093, 0.5485000014305115, 0.5885000228881836, 0.6492000222206116, 0.7005000114440918, 0.7228000164031982, 0.7459999918937683, 0.7598000168800354, 0.7584999799728394, 0.7666000127792358, 0.8123000264167786, 0.819599986076355, 0.8192999958992004, 0.8241000175476074, 0.8219000101089478, 0.822700023651123, 0.8246999979019165, 0.8389999866485596, 0.8398000001907349, 0.8391000032424927, 0.84579998254776, 0.8492000102996826, 0.85589998960495, 0.8551999926567078, 0.8525999784469604, 0.8610000014305115, 0.8650000095367432, 0.8564000129699707, 0.8651999831199646, 0.8615000247955322], "val_loss": [1.5247348546981812, 1.329227328300476, 1.2519727945327759, 1.0684195756912231, 0.8683013916015625, 0.78871750831604, 0.7342778444290161, 0.697700560092926, 0.7179597020149231, 0.700771689414978, 0.5376370549201965, 0.5331770181655884, 0.5339075922966003, 0.5280370712280273, 0.5295252203941345, 0.5219182968139648, 0.5243298411369324, 0.4676736295223236, 0.4688216745853424, 0.4866487383842468, 0.45271536707878113, 0.4495902955532074, 0.4207044839859009, 0.43240800499916077, 0.4432850182056427, 0.4169093668460846, 0.396718293428421, 0.4254848062992096, 0.39925071597099304, 0.4137519896030426], "learning_rate": [0.009999999776482582, 0.009999999776482582, 0.009999999776482582, 0.009999999776482582, 0.009999999776482582, 0.009999999776482582, 0.009999999776482582, 0.009999999776482582, 0.009999999776482582, 0.009999999776482582, 0.004999999888241291, 0.004999999888241291, 0.004999999888241291, 0.004999999888241291, 0.004999999888241291, 0.004999999888241291, 0.004999999888241291, 0.004999999888241291, 0.004999999888241291, 0.004999999888241291, 0.0024999999441206455, 0.0024999999441206455, 0.0024999999441206455, 0.0024999999441206455, 0.0024999999441206455, 0.0012499999720603228, 0.0012499999720603228, 0.0012499999720603228, 0.0012499999720603228, 0.0006249999860301614]}