{"test_loss": 0.41182684898376465, "test_accuracy": 0.8628000020980835, "accuracy": 0.8628000020980835, "loss": 0.41182684898376465}