{"accuracy": [0.3246749937534332, 0.45477500557899475, 0.5305500030517578, 0.5788000226020813, 0.618025004863739, 0.6433500051498413, 0.6681249737739563, 0.6886500120162964, 0.7108500003814697, 0.7288749814033508, 0.7389000058174133, 0.7531499862670898, 0.7664999961853027, 0.7822999954223633, 0.7904250025749207, 0.7978500127792358, 0.8062000274658203, 0.8061749935150146, 0.8119750022888184, 0.8216249942779541, 0.823324978351593, 0.8296250104904175, 0.8295249938964844, 0.82955002784729, 0.831974983215332, 0.8360750079154968, 0.8386499881744385, 0.8433499932289124, 0.8465750217437744, 0.8427249789237976], "loss": [1.9415169954299927, 1.5193455219268799, 1.3112136125564575, 1.1790434122085571, 1.076249361038208, 1.0053070783615112, 0.9411951899528503, 0.8795548677444458, 0.8255695104598999, 0.782550573348999, 0.7556459307670593, 0.7190811634063721, 0.6833510994911194, 0.6300671100616455, 0.6105150580406189, 0.587039589881897, 0.576814591884613, 0.5654727816581726, 0.5503257513046265, 0.5212381482124329, 0.5146678686141968, 0.5020250082015991, 0.4993233382701874, 0.4954872131347656, 0.49243491888046265, 0.48435601592063904, 0.4706507921218872, 0.4596706032752991, 0.4572981894016266, 0.46218428015708923], "val_accuracy": [0.4397999942302704, 0.5135999917984009, 0.6233999729156494, 0.5996000170707703, 0.682699978351593, 0.6876999735832214, 0.739300012588501, 0.739799976348877, 0.7505999803543091, 0.7713000178337097, 0.788100004196167, 0.7809000015258789, 0.7771999835968018, 0.8036999702453613, 0.7949000000953674, 0.8198999762535095, 0.836899995803833, 0.8349000215530396, 0.8353999853134155, 0.8429999947547913, 0.838100016117096, 0.8420000076293945, 0.847599983215332, 0.8537999987602234, 0.833899974822998, 0.84579998254776, 0.8553000092506409, 0.8565999865531921, 0.8549000024795532, 0.8522999882698059], "val_loss": [1.5477625131607056, 1.4306719303131104, 1.0533140897750854, 1.2252728939056396, 0.8882914781570435, 0.9199057817459106, 0.7463139295578003, 0.7525688409805298, 0.7395382523536682, 0.6836817860603333, 0.6025453805923462, 0.6561425924301147, 0.6971541047096252, 0.5864388942718506, 0.631058931350708, 0.5524501204490662, 0.4890129864215851, 0.4931572675704956, 0.49736934900283813, 0.4718485474586487, 0.48790591955184937, 0.466630220413208, 0.4536745548248291, 0.4394581913948059, 0.5100843906402588, 0.4643055200576782, 0.43048155307769775, 0.41952744126319885, 0.44485804438591003, 0.454528272151947], "learning_rate": [0.009999999776482582, 0.009999999776482582, 0.009999999776482582, 0.009999999776482582, 0.009999999776482582, 0.009999999776482582, 0.009999999776482582, 0.009999999776482582, 0.009999999776482582, 0.009999999776482582, 0.009999999776482582, 0.009999999776482582, 0.009999999776482582, 0.004999999888241291, 0.004999999888241291, 0.004999999888241291, 0.004999999888241291, 0.004999999888241291, 0.004999999888241291, 0.0024999999441206455, 0.0024999999441206455, 0.0024999999441206455, 0.0024999999441206455, 0.0024999999441206455, 0.0024999999441206455, 0.0024999999441206455, 0.0012499999720603228, 0.0012499999720603228, 0.0012499999720603228, 0.0012499999720603228]}