{"test_loss": 0.4410838484764099, "test_accuracy": 0.85589998960495, "accuracy": 0.85589998960495, "loss": 0.4410838484764099}