{"accuracy": [0.3638249933719635, 0.49744999408721924, 0.564674973487854, 0.6093249917030334, 0.6290749907493591, 0.6500499844551086, 0.6609249711036682, 0.6756250262260437, 0.6852499842643738, 0.6919999718666077, 0.7010250091552734, 0.7109000086784363, 0.7163749933242798, 0.7223250269889832, 0.7258750200271606, 0.7320250272750854, 0.7383000254631042, 0.7397249937057495, 0.7432249784469604, 0.7477499842643738, 0.7525500059127808, 0.7513999938964844, 0.7660750150680542, 0.76705002784729, 0.7698000073432922, 0.7741749882698059, 0.7747250199317932, 0.7812749743461609, 0.7833999991416931, 0.7842749953269958, 0.7868250012397766, 0.787850022315979, 0.7879999876022339, 0.7894750237464905, 0.7886750102043152, 0.7896999716758728, 0.7895249724388123, 0.7928000092506409, 0.7923750281333923, 0.7930750250816345, 0.7957249879837036, 0.7940499782562256, 0.7970749735832214, 0.7975500226020813, 0.7972000241279602, 0.8011500239372253, 0.7977749705314636, 0.7987499833106995, 0.8032749891281128, 0.8023750185966492, 0.7995250225067139, 0.8019000291824341, 0.8047500252723694, 0.8019999861717224, 0.802049994468689], "loss": [1.87595796585083, 1.3939220905303955, 1.2159602642059326, 1.110024333000183, 1.0573970079421997, 1.0052701234817505, 0.9641814231872559, 0.9338957071304321, 0.9061024188995361, 0.8878724575042725, 0.8623112440109253, 0.8386039137840271, 0.8191594481468201, 0.8086992502212524, 0.7963238954544067, 0.781815767288208, 0.7673310041427612, 0.7587367296218872, 0.7454286813735962, 0.7393917441368103, 0.7293238639831543, 0.7218672633171082, 0.68948894739151, 0.6807806491851807, 0.6782240271568298, 0.6689702868461609, 0.6640294194221497, 0.6468693614006042, 0.6389991641044617, 0.6346437335014343, 0.6302155256271362, 0.626754641532898, 0.6276896595954895, 0.620965838432312, 0.6230323910713196, 0.6210718750953674, 0.619552731513977, 0.6141127347946167, 0.6134868860244751, 0.610684335231781, 0.6081199645996094, 0.6084150671958923, 0.5996108651161194, 0.6016700267791748, 0.5978228449821472, 0.5921354293823242, 0.5953972935676575, 0.5932567119598389, 0.5897406339645386, 0.5885383486747742, 0.5865604281425476, 0.5887141823768616, 0.5780032277107239, 0.5855081081390381, 0.5877885222434998], "val_accuracy": [0.5307999849319458, 0.6136000156402588, 0.6308000087738037, 0.6345000267028809, 0.6798999905586243, 0.6959999799728394, 0.7063000202178955, 0.7062000036239624, 0.7490000128746033, 0.7046999931335449, 0.7321000099182129, 0.760200023651123, 0.7343999743461609, 0.7597000002861023, 0.7720999717712402, 0.7724000215530396, 0.7746000289916992, 0.784500002861023, 0.7936999797821045, 0.7875000238418579, 0.7689999938011169, 0.769599974155426, 0.7815999984741211, 0.8070999979972839, 0.7994999885559082, 0.8030999898910522, 0.788100004196167, 0.8151000142097473, 0.8123999834060669, 0.8098000288009644, 0.8269000053405762, 0.8274000287055969, 0.821399986743927, 0.8303999900817871, 0.819599986076355, 0.8306999802589417, 0.8194000124931335, 0.8270999789237976, 0.833899974822998, 0.828499972820282, 0.8212000131607056, 0.8327000141143799, 0.8314999938011169, 0.8331000208854675, 0.8270999789237976, 0.8319000005722046, 0.8313999772071838, 0.8310999870300293, 0.8342999815940857, 0.8356000185012817, 0.8307999968528748, 0.8331000208854675, 0.8335000276565552, 0.8325999975204468, 0.8357999920845032], "val_loss": [1.2996469736099243, 1.082688570022583, 1.0303535461425781, 1.0769726037979126, 0.9368715882301331, 0.8738754987716675, 0.8472294211387634, 0.8617500066757202, 0.7257788777351379, 0.859103798866272, 0.7847299575805664, 0.697621762752533, 0.825625479221344, 0.6966932415962219, 0.6674660444259644, 0.6474068760871887, 0.6665031909942627, 0.6373578906059265, 0.611804723739624, 0.6325258016586304, 0.6928247213363647, 0.6924399137496948, 0.6653767228126526, 0.5657393932342529, 0.6046451926231384, 0.6021704077720642, 0.6409985423088074, 0.552773654460907, 0.5668174028396606, 0.5677236914634705, 0.5175914764404297, 0.5271950960159302, 0.5315553545951843, 0.5051848888397217, 0.5539290904998779, 0.49983423948287964, 0.5314232707023621, 0.5195262432098389, 0.49745845794677734, 0.5012883543968201, 0.5443434119224548, 0.5024777054786682, 0.5024745464324951, 0.4971420466899872, 0.518174946308136, 0.5014325976371765, 0.5073745846748352, 0.49698206782341003, 0.49316534399986267, 0.4863070249557495, 0.5032107830047607, 0.4982526898384094, 0.49252963066101074, 0.4951598644256592, 0.4869385361671448], "learning_rate": [0.0010000000474974513, 0.0010000000474974513, 0.0010000000474974513, 0.0010000000474974513, 0.0010000000474974513, 0.0010000000474974513, 0.0010000000474974513, 0.0010000000474974513, 0.0010000000474974513, 0.0010000000474974513, 0.0010000000474974513, 0.0010000000474974513, 0.0010000000474974513, 0.0010000000474974513, 0.0010000000474974513, 0.0010000000474974513, 0.0010000000474974513, 0.0010000000474974513, 0.0010000000474974513, 0.0010000000474974513, 0.0010000000474974513, 0.0010000000474974513, 0.0005000000237487257, 0.0005000000237487257, 0.0005000000237487257, 0.0005000000237487257, 0.0005000000237487257, 0.0002500000118743628, 0.0002500000118743628, 0.0002500000118743628, 0.0002500000118743628, 0.0002500000118743628, 0.0002500000118743628, 0.0002500000118743628, 0.0002500000118743628, 0.0002500000118743628, 0.0002500000118743628, 0.0002500000118743628, 0.0002500000118743628, 0.0002500000118743628, 0.0002500000118743628, 0.0002500000118743628, 0.0001250000059371814, 0.0001250000059371814, 0.0001250000059371814, 0.0001250000059371814, 0.0001250000059371814, 6.25000029685907e-05, 6.25000029685907e-05, 6.25000029685907e-05, 6.25000029685907e-05, 6.25000029685907e-05, 6.25000029685907e-05, 3.125000148429535e-05, 3.125000148429535e-05]}