{"accuracy": 0.833899974822998, "loss": 0.5013381242752075}