{"accuracy": [0.3637250065803528, 0.5235999822616577, 0.615975022315979, 0.6760749816894531, 0.7183499932289124, 0.7516000270843506, 0.7731000185012817, 0.792900025844574, 0.8079749941825867, 0.8219500184059143, 0.8549749851226807, 0.8630750179290771, 0.8691999912261963, 0.8777499794960022, 0.8822500109672546, 0.8847249746322632, 0.9016000032424927, 0.9086750149726868, 0.9117249846458435, 0.9168499708175659, 0.9247750043869019, 0.9285500049591064, 0.9319999814033508, 0.9326500296592712, 0.9365749955177307, 0.9385250210762024, 0.9376749992370605, 0.9393500089645386, 0.9434499740600586, 0.9441499710083008], "loss": [1.9042279720306396, 1.3646161556243896, 1.0843499898910522, 0.9269136786460876, 0.8135448098182678, 0.7251955270767212, 0.6662620306015015, 0.6100700497627258, 0.5611160397529602, 0.5274948477745056, 0.4288610816001892, 0.4029737710952759, 0.3859151005744934, 0.3639616370201111, 0.347097247838974, 0.33670902252197266, 0.29033297300338745, 0.26973956823349, 0.26162290573120117, 0.24510392546653748, 0.22462911903858185, 0.21174877882003784, 0.20520161092281342, 0.19832925498485565, 0.18959231674671173, 0.18330539762973785, 0.18208067119121552, 0.1774836778640747, 0.16523347795009613, 0.16669245064258575], "val_accuracy": [0.5216000080108643, 0.5920000076293945, 0.6883000135421753, 0.6955999732017517, 0.7692999839782715, 0.7835000157356262, 0.8044999837875366, 0.8288999795913696, 0.8217999935150146, 0.8233000040054321, 0.8648999929428101, 0.8592000007629395, 0.8690000176429749, 0.8826000094413757, 0.8776000142097473, 0.881600022315979, 0.891700029373169, 0.8959000110626221, 0.8959000110626221, 0.8989999890327454, 0.9032999873161316, 0.9075999855995178, 0.9035999774932861, 0.9050999879837036, 0.9078999757766724, 0.9081000089645386, 0.9075999855995178, 0.9070000052452087, 0.9088000059127808, 0.9110999703407288], "val_loss": [1.399836778640747, 1.1916695833206177, 0.9056857228279114, 0.9202544689178467, 0.6853810548782349, 0.655184268951416, 0.5928242206573486, 0.5100148916244507, 0.5454622507095337, 0.5438626408576965, 0.40012598037719727, 0.4274786114692688, 0.3936128318309784, 0.3572715222835541, 0.37375450134277344, 0.3725350499153137, 0.34095194935798645, 0.32811832427978516, 0.3332975208759308, 0.3281172811985016, 0.31126970052719116, 0.30492544174194336, 0.31684768199920654, 0.30729442834854126, 0.30537503957748413, 0.30045202374458313, 0.3056390881538391, 0.3012803792953491, 0.30545178055763245, 0.30397433042526245], "learning_rate": [0.0010000000474974513, 0.0010000000474974513, 0.0010000000474974513, 0.0010000000474974513, 0.0010000000474974513, 0.0010000000474974513, 0.0010000000474974513, 0.0010000000474974513, 0.0010000000474974513, 0.0010000000474974513, 0.0005000000237487257, 0.0005000000237487257, 0.0005000000237487257, 0.0005000000237487257, 0.0005000000237487257, 0.0005000000237487257, 0.0002500000118743628, 0.0002500000118743628, 0.0002500000118743628, 0.0002500000118743628, 0.0001250000059371814, 0.0001250000059371814, 0.0001250000059371814, 0.0001250000059371814, 6.25000029685907e-05, 6.25000029685907e-05, 6.25000029685907e-05, 6.25000029685907e-05, 3.125000148429535e-05, 3.125000148429535e-05]}