{"test_loss": 0.3044130504131317, "test_accuracy": 0.9093000292778015, "accuracy": 0.9093000292778015, "loss": 0.3044130504131317}