{"test_loss": 0.40297576785087585, "test_accuracy": 0.8718000054359436, "accuracy": 0.8718000054359436, "loss": 0.40297576785087585}