{"accuracy": [0.35135000944137573, 0.4733999967575073, 0.5558500289916992, 0.6108999848365784, 0.654699981212616, 0.6832249760627747, 0.7065749764442444, 0.7288249731063843, 0.7453500032424927, 0.7592999935150146, 0.7729250192642212, 0.7825499773025513, 0.7910749912261963, 0.8008249998092651, 0.8212249875068665, 0.8279749751091003, 0.8336250185966492, 0.8392249941825867, 0.8417999744415283, 0.8445500135421753, 0.8491250276565552, 0.8535500168800354, 0.852774977684021, 0.861549973487854, 0.8691499829292297, 0.871025025844574, 0.871874988079071, 0.876550018787384, 0.8788999915122986, 0.8838000297546387], "loss": [1.84347403049469, 1.451141119003296, 1.2448198795318604, 1.087235689163208, 0.9768961071968079, 0.8973150253295898, 0.8383773565292358, 0.7804228067398071, 0.7405190467834473, 0.7016221284866333, 0.6639097332954407, 0.6364565491676331, 0.6088967323303223, 0.5811474323272705, 0.5200191140174866, 0.5042321085929871, 0.48577389121055603, 0.47329795360565186, 0.46638253331184387, 0.45552343130111694, 0.4409739673137665, 0.4377083480358124, 0.429486483335495, 0.41407161951065063, 0.38762807846069336, 0.37680673599243164, 0.3762531876564026, 0.36306148767471313, 0.3552800416946411, 0.3431180715560913], "val_accuracy": [0.5203999876976013, 0.5400999784469604, 0.6168000102043152, 0.6829000115394592, 0.6970999836921692, 0.7534000277519226, 0.7577999830245972, 0.7773000001907349, 0.7738000154495239, 0.7886999845504761, 0.7870000004768372, 0.8120999932289124, 0.8105999827384949, 0.7864999771118164, 0.8393999934196472, 0.8439000248908997, 0.8428000211715698, 0.8309000134468079, 0.8500999808311462, 0.858299970626831, 0.8532999753952026, 0.8622999787330627, 0.8521000146865845, 0.8551999926567078, 0.8705000281333923, 0.8709999918937683, 0.8658000230789185, 0.8726000189781189, 0.8776999711990356, 0.8773000240325928], "val_loss": [1.3269912004470825, 1.3466172218322754, 1.1601654291152954, 0.897014856338501, 0.8793816566467285, 0.7096642255783081, 0.6936013698577881, 0.6511266827583313, 0.6600447297096252, 0.6214414834976196, 0.6368125081062317, 0.5548028349876404, 0.563576877117157, 0.6614834666252136, 0.4805786609649658, 0.46894335746765137, 0.4626617729663849, 0.5084014534950256, 0.4502311050891876, 0.42274051904678345, 0.4345988631248474, 0.41737475991249084, 0.4392476975917816, 0.4400556981563568, 0.3937735855579376, 0.38939735293388367, 0.41217362880706787, 0.39311158657073975, 0.37527844309806824, 0.37580952048301697], "learning_rate": [0.009999999776482582, 0.009999999776482582, 0.009999999776482582, 0.009999999776482582, 0.009999999776482582, 0.009999999776482582, 0.009999999776482582, 0.009999999776482582, 0.009999999776482582, 0.009999999776482582, 0.009999999776482582, 0.009999999776482582, 0.009999999776482582, 0.009999999776482582, 0.004999999888241291, 0.004999999888241291, 0.004999999888241291, 0.004999999888241291, 0.004999999888241291, 0.004999999888241291, 0.004999999888241291, 0.004999999888241291, 0.004999999888241291, 0.004999999888241291, 0.0024999999441206455, 0.0024999999441206455, 0.0024999999441206455, 0.0024999999441206455, 0.0012499999720603228, 0.0012499999720603228]}