{"accuracy": [0.2653749883174896, 0.3548249900341034, 0.4052000045776367, 0.44472500681877136, 0.4813250005245209, 0.5089250206947327, 0.527525007724762, 0.5427250266075134, 0.558525025844574, 0.5744500160217285, 0.5843250155448914, 0.5895000100135803, 0.596875011920929, 0.6032249927520752, 0.6067249774932861, 0.6131500005722046, 0.6148250102996826, 0.62642502784729, 0.6282250285148621, 0.6302000284194946, 0.6304500102996826, 0.6359000205993652, 0.6361500024795532, 0.6341500282287598, 0.6380500197410583, 0.6398500204086304, 0.6399000287055969, 0.6418250203132629], "loss": [2.381533622741699, 1.7940536737442017, 1.6225037574768066, 1.515665054321289, 1.4241275787353516, 1.3582710027694702, 1.3073214292526245, 1.2590701580047607, 1.2254159450531006, 1.1773455142974854, 1.159947156906128, 1.140110969543457, 1.1235917806625366, 1.1102170944213867, 1.1004528999328613, 1.0849984884262085, 1.0736465454101562, 1.0472413301467896, 1.0426878929138184, 1.0357155799865723, 1.0289338827133179, 1.0230145454406738, 1.027064561843872, 1.0184094905853271, 1.0156389474868774, 1.01313054561615, 1.011562705039978, 1.0084444284439087], "val_accuracy": [0.43810001015663147, 0.4542999863624573, 0.47909998893737793, 0.5110999941825867, 0.5371000170707703, 0.5404999852180481, 0.5828999876976013, 0.5735999941825867, 0.5870000123977661, 0.599399983882904, 0.6061000227928162, 0.6079000234603882, 0.6234999895095825, 0.6288999915122986, 0.6377000212669373, 0.6297000050544739, 0.6367999911308289, 0.6328999996185303, 0.640999972820282, 0.6431000232696533, 0.649399995803833, 0.6427000164985657, 0.642300009727478, 0.6460999846458435, 0.6456999778747559, 0.6495000123977661, 0.6492000222206116, 0.6507999897003174], "val_loss": [1.5732306241989136, 1.4961225986480713, 1.3974254131317139, 1.3273351192474365, 1.2878090143203735, 1.267689824104309, 1.1651830673217773, 1.2061504125595093, 1.1726014614105225, 1.1237205266952515, 1.095151662826538, 1.0926023721694946, 1.0678294897079468, 1.052707552909851, 1.010022759437561, 1.0462843179702759, 1.0206170082092285, 1.0436911582946777, 1.0185489654541016, 1.0099804401397705, 0.9878174066543579, 1.0132381916046143, 1.01008939743042, 1.0041369199752808, 1.0055269002914429, 0.9899239540100098, 0.9940704107284546, 0.9906114339828491], "learning_rate": [0.0010000000474974513, 0.0010000000474974513, 0.0010000000474974513, 0.0010000000474974513, 0.0010000000474974513, 0.0010000000474974513, 0.0010000000474974513, 0.0010000000474974513, 0.0010000000474974513, 0.0005000000237487257, 0.0005000000237487257, 0.0005000000237487257, 0.0005000000237487257, 0.0005000000237487257, 0.0005000000237487257, 0.0005000000237487257, 0.0005000000237487257, 0.0002500000118743628, 0.0002500000118743628, 0.0001250000059371814, 0.0001250000059371814, 0.0001250000059371814, 0.0001250000059371814, 6.25000029685907e-05, 6.25000029685907e-05, 3.125000148429535e-05, 3.125000148429535e-05, 1.5625000742147677e-05]}