{"test_loss": 0.9997614026069641, "test_accuracy": 0.6438999772071838, "accuracy": 0.6438999772071838, "loss": 0.9997614026069641}