{"accuracy": 0.8507999777793884, "loss": 0.45054349303245544}