{"accuracy": [0.33629998564720154, 0.47782498598098755, 0.5584250092506409, 0.611175000667572, 0.6441500186920166, 0.6692249774932861, 0.6915000081062317, 0.712149977684021, 0.729449987411499, 0.7406499981880188, 0.751075029373169, 0.7571250200271606, 0.7656750082969666, 0.7839249968528748, 0.7925999760627747, 0.7960249781608582, 0.8003000020980835, 0.8036999702453613, 0.8082000017166138, 0.8102750182151794, 0.8210750222206116, 0.8218749761581421, 0.8275250196456909, 0.8261250257492065, 0.8289999961853027, 0.8327749967575073, 0.8344249725341797], "loss": [1.9683691263198853, 1.4416524171829224, 1.2344253063201904, 1.1046698093414307, 1.0105221271514893, 0.9371803998947144, 0.8869249224662781, 0.8353923559188843, 0.7958906888961792, 0.7578031420707703, 0.7306632399559021, 0.7123788595199585, 0.6879914999008179, 0.6341562271118164, 0.6123899817466736, 0.5970645546913147, 0.5876625776290894, 0.5820924043655396, 0.5676364898681641, 0.562969446182251, 0.5313163995742798, 0.5218663811683655, 0.512680172920227, 0.5154131054878235, 0.5066831707954407, 0.4928130507469177, 0.4857328534126282], "val_accuracy": [0.4894999861717224, 0.5543000102043152, 0.6182000041007996, 0.6294000148773193, 0.6991999745368958, 0.7117000222206116, 0.7113000154495239, 0.7509999871253967, 0.7572000026702881, 0.7943999767303467, 0.7577000260353088, 0.7608000040054321, 0.7986999750137329, 0.8251000046730042, 0.8210999965667725, 0.8240000009536743, 0.8364999890327454, 0.8288000226020813, 0.829200029373169, 0.8331000208854675, 0.8528000116348267, 0.855400025844574, 0.8482999801635742, 0.8501999974250793, 0.8492000102996826, 0.8561999797821045, 0.8535000085830688], "val_loss": [1.387555718421936, 1.2783013582229614, 1.0839685201644897, 1.1189548969268799, 0.8569042682647705, 0.8526464104652405, 0.8667216897010803, 0.720221996307373, 0.713340163230896, 0.593154788017273, 0.7071500420570374, 0.7133988738059998, 0.626028299331665, 0.5241811871528625, 0.5258961319923401, 0.5192979574203491, 0.48308226466178894, 0.5050144791603088, 0.511896550655365, 0.4904949367046356, 0.4418608844280243, 0.42763686180114746, 0.4462853968143463, 0.4513634145259857, 0.45327022671699524, 0.4296351671218872, 0.4324720799922943], "learning_rate": [0.0010000000474974513, 0.0010000000474974513, 0.0010000000474974513, 0.0010000000474974513, 0.0010000000474974513, 0.0010000000474974513, 0.0010000000474974513, 0.0010000000474974513, 0.0010000000474974513, 0.0010000000474974513, 0.0010000000474974513, 0.0010000000474974513, 0.0010000000474974513, 0.0005000000237487257, 0.0005000000237487257, 0.0005000000237487257, 0.0005000000237487257, 0.0005000000237487257, 0.0005000000237487257, 0.0005000000237487257, 0.0002500000118743628, 0.0002500000118743628, 0.0002500000118743628, 0.0002500000118743628, 0.0002500000118743628, 0.0001250000059371814, 0.0001250000059371814]}