{"test_loss": 0.4176844656467438, "test_accuracy": 0.8611000180244446, "accuracy": 0.8611000180244446, "loss": 0.4176844656467438}