{"accuracy": [0.33239999413490295, 0.44885000586509705, 0.5217999815940857, 0.5833749771118164, 0.6320000290870667, 0.666450023651123, 0.6910250186920166, 0.7112249732017517, 0.7307249903678894, 0.7574750185012817, 0.7694249749183655, 0.7802500128746033, 0.784850001335144, 0.789775013923645, 0.7990750074386597, 0.8060749769210815, 0.8167750239372253, 0.8203499913215637, 0.8248999714851379, 0.8297500014305115, 0.8320249915122986, 0.8336250185966492, 0.8362749814987183, 0.8397250175476074, 0.84027498960495, 0.8456000089645386, 0.8450750112533569, 0.8514750003814697, 0.8541499972343445, 0.8565499782562256], "loss": [1.9255222082138062, 1.5182428359985352, 1.3246314525604248, 1.1662462949752808, 1.0383155345916748, 0.943614661693573, 0.8747071027755737, 0.8253874778747559, 0.771701991558075, 0.6923613548278809, 0.6670863628387451, 0.6415406465530396, 0.621782124042511, 0.6018432378768921, 0.5866301655769348, 0.5662949681282043, 0.5386056900024414, 0.5208655595779419, 0.5117545127868652, 0.49902045726776123, 0.49118921160697937, 0.49104344844818115, 0.47798436880111694, 0.46706053614616394, 0.46474888920783997, 0.45496949553489685, 0.4559948742389679, 0.43350493907928467, 0.42531758546829224, 0.4174571633338928], "val_accuracy": [0.44040000438690186, 0.5547000169754028, 0.604200005531311, 0.6531000137329102, 0.6751999855041504, 0.7386999726295471, 0.7476000189781189, 0.7458999752998352, 0.7439000010490417, 0.8062999844551086, 0.8065999746322632, 0.8176000118255615, 0.8151000142097473, 0.8187999725341797, 0.8180000185966492, 0.8169999718666077, 0.838100016117096, 0.8320000171661377, 0.8460000157356262, 0.8375999927520752, 0.8492000102996826, 0.843999981880188, 0.8467000126838684, 0.8511000275611877, 0.853600025177002, 0.8554999828338623, 0.8544999957084656, 0.8580999970436096, 0.8535000085830688, 0.8629999756813049], "val_loss": [1.5477979183197021, 1.2797601222991943, 1.098740577697754, 0.980248212814331, 0.9670353531837463, 0.7413960099220276, 0.7145039439201355, 0.7650401592254639, 0.7641485929489136, 0.5570042133331299, 0.5556423664093018, 0.531653642654419, 0.5348019599914551, 0.5200873613357544, 0.5337013006210327, 0.5474859476089478, 0.47594839334487915, 0.48370787501335144, 0.45315369963645935, 0.4846339821815491, 0.4474119544029236, 0.4646470844745636, 0.44604507088661194, 0.4400527775287628, 0.4304884374141693, 0.432112455368042, 0.4339386224746704, 0.41697925329208374, 0.4368877410888672, 0.4060138463973999], "learning_rate": [0.009999999776482582, 0.009999999776482582, 0.009999999776482582, 0.009999999776482582, 0.009999999776482582, 0.009999999776482582, 0.009999999776482582, 0.009999999776482582, 0.009999999776482582, 0.004999999888241291, 0.004999999888241291, 0.004999999888241291, 0.004999999888241291, 0.004999999888241291, 0.004999999888241291, 0.004999999888241291, 0.0024999999441206455, 0.0024999999441206455, 0.0024999999441206455, 0.0024999999441206455, 0.0024999999441206455, 0.0024999999441206455, 0.0024999999441206455, 0.0024999999441206455, 0.0024999999441206455, 0.0024999999441206455, 0.0024999999441206455, 0.0012499999720603228, 0.0012499999720603228, 0.0012499999720603228]}