{"test_loss": 0.34537649154663086, "test_accuracy": 0.8952999711036682, "accuracy": 0.8952999711036682, "loss": 0.34537649154663086}