{"accuracy": [0.2643750011920929, 0.3986999988555908, 0.49230000376701355, 0.5642499923706055, 0.6144999861717224, 0.6549249887466431, 0.6840500235557556, 0.7063000202178955, 0.7299249768257141, 0.7455000281333923, 0.7562749981880188, 0.770799994468689, 0.7790250182151794, 0.7907000184059143, 0.8266000151634216, 0.8382499814033508, 0.8440750241279602, 0.8511750102043152, 0.8555999994277954, 0.8610000014305115, 0.8644750118255615, 0.8648750185966492, 0.8842999935150146, 0.8876000046730042, 0.8948249816894531, 0.8963249921798706, 0.8976749777793884, 0.8993499875068665, 0.9032999873161316, 0.9144499897956848], "loss": [2.256247043609619, 1.6362104415893555, 1.4029712677001953, 1.228084921836853, 1.1040819883346558, 1.006844162940979, 0.9276370406150818, 0.8679841756820679, 0.8129916787147522, 0.7697594165802002, 0.7281544804573059, 0.6942394971847534, 0.6656774878501892, 0.6323822736740112, 0.5248621702194214, 0.49345478415489197, 0.47356870770454407, 0.4483623504638672, 0.441954106092453, 0.4250962436199188, 0.41218623518943787, 0.4104737937450409, 0.3484042286872864, 0.3389395475387573, 0.3216003179550171, 0.3135816752910614, 0.30794060230255127, 0.2956853210926056, 0.2943720519542694, 0.2617306113243103], "val_accuracy": [0.33709999918937683, 0.37549999356269836, 0.4952000081539154, 0.5638999938964844, 0.526199996471405, 0.67330002784729, 0.6632000207901001, 0.7621999979019165, 0.6211000084877014, 0.7811999917030334, 0.765999972820282, 0.7950999736785889, 0.7907000184059143, 0.5974000096321106, 0.8357999920845032, 0.8510000109672546, 0.8622000217437744, 0.8464000225067139, 0.8626000285148621, 0.8708000183105469, 0.8619999885559082, 0.8650000095367432, 0.8781999945640564, 0.8851000070571899, 0.8855999708175659, 0.8913000226020813, 0.8920000195503235, 0.8924000263214111, 0.8927000164985657, 0.8974999785423279], "val_loss": [1.9347131252288818, 2.0861735343933105, 1.542677402496338, 1.323241949081421, 1.6819180250167847, 1.0463335514068604, 1.1638548374176025, 0.7143951654434204, 1.6348552703857422, 0.6880276799201965, 0.72648686170578, 0.6045680642127991, 0.6513793468475342, 1.33938729763031, 0.5037931799888611, 0.452785462141037, 0.42308321595191956, 0.5064564347267151, 0.41870370507240295, 0.39010560512542725, 0.4446275532245636, 0.43198999762535095, 0.3805648982524872, 0.3504509925842285, 0.3439711332321167, 0.34201779961586, 0.33258256316185, 0.33687806129455566, 0.34060660004615784, 0.3278716504573822], "learning_rate": [0.009999999776482582, 0.009999999776482582, 0.009999999776482582, 0.009999999776482582, 0.009999999776482582, 0.009999999776482582, 0.009999999776482582, 0.009999999776482582, 0.009999999776482582, 0.009999999776482582, 0.009999999776482582, 0.009999999776482582, 0.009999999776482582, 0.009999999776482582, 0.004999999888241291, 0.004999999888241291, 0.004999999888241291, 0.004999999888241291, 0.004999999888241291, 0.004999999888241291, 0.004999999888241291, 0.004999999888241291, 0.0024999999441206455, 0.0024999999441206455, 0.0024999999441206455, 0.0024999999441206455, 0.0024999999441206455, 0.0024999999441206455, 0.0024999999441206455, 0.0012499999720603228]}