{"test_loss": 0.42503759264945984, "test_accuracy": 0.8603000044822693, "accuracy": 0.8603000044822693, "loss": 0.42503759264945984}