{"accuracy": [0.3268499970436096, 0.4342750012874603, 0.5151500105857849, 0.5717999935150146, 0.6138749718666077, 0.6473749876022339, 0.6744499802589417, 0.6979749798774719, 0.7178000211715698, 0.7326750159263611, 0.7494750022888184, 0.7774249911308289, 0.7889000177383423, 0.7939749956130981, 0.7956500053405762, 0.8062000274658203, 0.8136249780654907, 0.8148000240325928, 0.8202499747276306, 0.8222000002861023, 0.8339250087738037, 0.8379999995231628, 0.8418499827384949, 0.842199981212616, 0.850600004196167, 0.8528500199317932, 0.853600025177002, 0.8561499714851379, 0.8543750047683716, 0.861050009727478], "loss": [2.0215141773223877, 1.6028201580047607, 1.346582055091858, 1.194161295890808, 1.08482825756073, 0.9880572557449341, 0.9213963747024536, 0.8586370944976807, 0.8095676898956299, 0.7686142921447754, 0.730143666267395, 0.6501275897026062, 0.6214903593063354, 0.6043803095817566, 0.593034565448761, 0.5677520036697388, 0.5537143349647522, 0.5458438396453857, 0.5305225849151611, 0.5227193236351013, 0.4872947335243225, 0.4751203656196594, 0.468427449464798, 0.4617621600627899, 0.44010937213897705, 0.43654003739356995, 0.4298686981201172, 0.42797812819480896, 0.42793428897857666, 0.41229262948036194], "val_accuracy": [0.4471000134944916, 0.5461000204086304, 0.5892999768257141, 0.6527000069618225, 0.6603000164031982, 0.6924999952316284, 0.7146999835968018, 0.7465000152587891, 0.7753000259399414, 0.7706000208854675, 0.7768999934196472, 0.8023999929428101, 0.8228999972343445, 0.8023999929428101, 0.8222000002861023, 0.8299000263214111, 0.8373000025749207, 0.8471999764442444, 0.8355000019073486, 0.8436999917030334, 0.8569999933242798, 0.8587999939918518, 0.8565000295639038, 0.8539999723434448, 0.8655999898910522, 0.863099992275238, 0.8671000003814697, 0.8633000254631042, 0.8659999966621399, 0.869700014591217], "val_loss": [1.4949607849121094, 1.263776421546936, 1.161570429801941, 0.9656853675842285, 0.9807685613632202, 0.8928455114364624, 0.8428560495376587, 0.7320499420166016, 0.6369314193725586, 0.6670980453491211, 0.6562216281890869, 0.5748330354690552, 0.5324827432632446, 0.5958857536315918, 0.5234180688858032, 0.5074383616447449, 0.4779454171657562, 0.4549553692340851, 0.48668453097343445, 0.47507044672966003, 0.4275168478488922, 0.4119472801685333, 0.4180910587310791, 0.4480000138282776, 0.3949004113674164, 0.4143161475658417, 0.39376282691955566, 0.41374531388282776, 0.3974834978580475, 0.39276158809661865], "learning_rate": [0.009999999776482582, 0.009999999776482582, 0.009999999776482582, 0.009999999776482582, 0.009999999776482582, 0.009999999776482582, 0.009999999776482582, 0.009999999776482582, 0.009999999776482582, 0.009999999776482582, 0.009999999776482582, 0.004999999888241291, 0.004999999888241291, 0.004999999888241291, 0.004999999888241291, 0.004999999888241291, 0.004999999888241291, 0.004999999888241291, 0.004999999888241291, 0.004999999888241291, 0.0024999999441206455, 0.0024999999441206455, 0.0024999999441206455, 0.0024999999441206455, 0.0012499999720603228, 0.0012499999720603228, 0.0012499999720603228, 0.0012499999720603228, 0.0012499999720603228, 0.0006249999860301614]}