{"test_loss": 0.3007311224937439, "test_accuracy": 0.9120000004768372, "accuracy": 0.9120000004768372, "loss": 0.3007311224937439}