{"accuracy": [0.36489999294281006, 0.5266000032424927, 0.6301500201225281, 0.69097501039505, 0.7283250093460083, 0.7562500238418579, 0.7823749780654907, 0.8011999726295471, 0.8131750226020813, 0.8253250122070312, 0.8367000222206116, 0.8471500277519226, 0.8755999803543091, 0.8812749981880188, 0.8918499946594238, 0.8960999846458435, 0.9105250239372253, 0.916700005531311, 0.9207249879837036, 0.923425018787384, 0.9313250184059143, 0.9350500106811523, 0.9383999705314636, 0.9372749924659729, 0.9425250291824341, 0.9457749724388123, 0.9459249973297119, 0.9474499821662903, 0.9472249746322632, 0.9499499797821045], "loss": [1.9084876775741577, 1.3420436382293701, 1.045525074005127, 0.8839449286460876, 0.786003828048706, 0.712805449962616, 0.6415835022926331, 0.587510347366333, 0.5543670058250427, 0.5145746469497681, 0.4846397340297699, 0.4558311998844147, 0.3673783838748932, 0.34507665038108826, 0.3219417631626129, 0.3072749972343445, 0.2631068825721741, 0.24642141163349152, 0.23113776743412018, 0.22632402181625366, 0.2039884477853775, 0.1939508616924286, 0.18805062770843506, 0.18450461328029633, 0.17349888384342194, 0.16141222417354584, 0.1594838947057724, 0.1569899469614029, 0.15548589825630188, 0.15137101709842682], "val_accuracy": [0.4052000045776367, 0.5712000131607056, 0.6920999884605408, 0.7164999842643738, 0.7160999774932861, 0.777400016784668, 0.772599995136261, 0.8019000291824341, 0.817799985408783, 0.8436999917030334, 0.8424000144004822, 0.8317000269889832, 0.8805000185966492, 0.892300009727478, 0.8870000243186951, 0.876800000667572, 0.8999000191688538, 0.9006999731063843, 0.9036999940872192, 0.9035000205039978, 0.909600019454956, 0.9110000133514404, 0.907800018787384, 0.9100000262260437, 0.9124000072479248, 0.9122999906539917, 0.9107999801635742, 0.9128000140190125, 0.913100004196167, 0.9150999784469604], "val_loss": [1.9155595302581787, 1.3281792402267456, 0.9014196991920471, 0.8496546745300293, 0.8878181576728821, 0.6707674264907837, 0.7167533040046692, 0.5771796107292175, 0.5537243485450745, 0.47579124569892883, 0.47820737957954407, 0.5084140300750732, 0.36079567670822144, 0.3326302766799927, 0.34650933742523193, 0.3878151476383209, 0.3100908100605011, 0.3046465218067169, 0.3061119019985199, 0.3113856315612793, 0.29214510321617126, 0.2872975468635559, 0.2912345230579376, 0.2905178368091583, 0.28498712182044983, 0.28672143816947937, 0.29183176159858704, 0.2863587737083435, 0.28670722246170044, 0.2827010154724121], "learning_rate": [0.0010000000474974513, 0.0010000000474974513, 0.0010000000474974513, 0.0010000000474974513, 0.0010000000474974513, 0.0010000000474974513, 0.0010000000474974513, 0.0010000000474974513, 0.0010000000474974513, 0.0010000000474974513, 0.0010000000474974513, 0.0010000000474974513, 0.0005000000237487257, 0.0005000000237487257, 0.0005000000237487257, 0.0005000000237487257, 0.0002500000118743628, 0.0002500000118743628, 0.0002500000118743628, 0.0002500000118743628, 0.0001250000059371814, 0.0001250000059371814, 0.0001250000059371814, 0.0001250000059371814, 6.25000029685907e-05, 6.25000029685907e-05, 6.25000029685907e-05, 3.125000148429535e-05, 3.125000148429535e-05, 1.5625000742147677e-05]}