{"test_loss": 0.7813650965690613, "test_accuracy": 0.7232000231742859, "accuracy": 0.7232000231742859, "loss": 0.7813650965690613}