{"accuracy": [0.28577500581741333, 0.3802250027656555, 0.427700012922287, 0.4684999883174896, 0.4986500144004822, 0.5225250124931335, 0.5430499911308289, 0.5616750121116638, 0.5771499872207642, 0.588575005531311, 0.602275013923645, 0.6139749884605408, 0.6204749941825867, 0.6317999958992004, 0.6407750248908997, 0.6517999768257141, 0.6617000102996826, 0.6674500107765198, 0.6710500121116638, 0.6740249991416931, 0.6751999855041504, 0.6804500222206116, 0.6807500123977661, 0.6902999877929688, 0.692550003528595, 0.6958000063896179, 0.7005749940872192, 0.6938999891281128, 0.699874997138977, 0.7009000182151794], "loss": [2.2690813541412354, 1.7280324697494507, 1.5675783157348633, 1.4630829095840454, 1.3830358982086182, 1.3182402849197388, 1.2638362646102905, 1.2232575416564941, 1.1781326532363892, 1.149000644683838, 1.1195324659347534, 1.0892513990402222, 1.0596685409545898, 1.0339386463165283, 1.0063371658325195, 0.9911041855812073, 0.9549714922904968, 0.9451041221618652, 0.9354752898216248, 0.9239742159843445, 0.9119991064071655, 0.9063891768455505, 0.8968002796173096, 0.8805832266807556, 0.8735515475273132, 0.8691785335540771, 0.86065274477005, 0.8670570254325867, 0.853855550289154, 0.8525497317314148], "val_accuracy": [0.4523000121116638, 0.4828000068664551, 0.5293999910354614, 0.5388000011444092, 0.5620999932289124, 0.5774000287055969, 0.5924000144004822, 0.6079999804496765, 0.6291999816894531, 0.6241000294685364, 0.6323000192642212, 0.637499988079071, 0.6323000192642212, 0.6715999841690063, 0.6674000024795532, 0.6557000279426575, 0.6948000192642212, 0.6812999844551086, 0.704800009727478, 0.6905999779701233, 0.7135000228881836, 0.7002999782562256, 0.6967999935150146, 0.7193999886512756, 0.7174999713897705, 0.7325000166893005, 0.7226999998092651, 0.722599983215332, 0.7207000255584717, 0.7196000218391418], "val_loss": [1.495977759361267, 1.3971408605575562, 1.3050150871276855, 1.2707304954528809, 1.2125909328460693, 1.1838680505752563, 1.1514426469802856, 1.0901004076004028, 1.0552411079406738, 1.0612682104110718, 1.035199761390686, 1.027190089225769, 1.0400066375732422, 0.9359188675880432, 0.9467086791992188, 0.990361213684082, 0.8561191558837891, 0.9061445593833923, 0.8433585166931152, 0.8818408250808716, 0.8175143599510193, 0.8538271188735962, 0.8605971932411194, 0.7871661186218262, 0.8038755655288696, 0.7647779583930969, 0.7834741473197937, 0.775452196598053, 0.7860733270645142, 0.7906311750411987], "learning_rate": [0.0010000000474974513, 0.0010000000474974513, 0.0010000000474974513, 0.0010000000474974513, 0.0010000000474974513, 0.0010000000474974513, 0.0010000000474974513, 0.0010000000474974513, 0.0010000000474974513, 0.0010000000474974513, 0.0010000000474974513, 0.0010000000474974513, 0.0010000000474974513, 0.0010000000474974513, 0.0010000000474974513, 0.0010000000474974513, 0.0005000000237487257, 0.0005000000237487257, 0.0005000000237487257, 0.0005000000237487257, 0.0005000000237487257, 0.0005000000237487257, 0.0005000000237487257, 0.0002500000118743628, 0.0002500000118743628, 0.0002500000118743628, 0.0002500000118743628, 0.0002500000118743628, 0.0001250000059371814, 0.0001250000059371814]}