{"test_loss": 0.7227473855018616, "test_accuracy": 0.7462000250816345, "accuracy": 0.7462000250816345, "loss": 0.7227473855018616}