{"accuracy": [0.2791000008583069, 0.3802250027656555, 0.43059998750686646, 0.47749999165534973, 0.5077499747276306, 0.5296499729156494, 0.5541999936103821, 0.5634999871253967, 0.5784000158309937, 0.5896499752998352, 0.6077499985694885, 0.6135249733924866, 0.6252999901771545, 0.636775016784668, 0.6444000005722046, 0.6549749970436096, 0.6593000292778015, 0.6682999730110168, 0.6769499778747559, 0.682075023651123, 0.6853749752044678, 0.6899999976158142, 0.6931999921798706, 0.6959750056266785, 0.6979249715805054, 0.6994249820709229, 0.7071999907493591, 0.7059000134468079, 0.7114250063896179, 0.7081249952316284], "loss": [2.2673652172088623, 1.7196565866470337, 1.5548027753829956, 1.4304413795471191, 1.3544070720672607, 1.2994115352630615, 1.2431024312973022, 1.2062702178955078, 1.1669142246246338, 1.139390468597412, 1.1005353927612305, 1.0744436979293823, 1.045592188835144, 1.0203880071640015, 1.0012403726577759, 0.9752600789070129, 0.9561089873313904, 0.9397797584533691, 0.9103761911392212, 0.8960481286048889, 0.8850906491279602, 0.8750960230827332, 0.8710464835166931, 0.8609663248062134, 0.8504629135131836, 0.8516186475753784, 0.8310697078704834, 0.8298967480659485, 0.8155403137207031, 0.8173723220825195], "val_accuracy": [0.4244999885559082, 0.4772999882698059, 0.4997999966144562, 0.5400000214576721, 0.5633999705314636, 0.5701000094413757, 0.5846999883651733, 0.603600025177002, 0.6169999837875366, 0.6119999885559082, 0.6430000066757202, 0.6660000085830688, 0.6599000096321106, 0.6798999905586243, 0.6930999755859375, 0.6988000273704529, 0.6947000026702881, 0.6890000104904175, 0.7178000211715698, 0.724399983882904, 0.7257999777793884, 0.7192999720573425, 0.7253999710083008, 0.7372000217437744, 0.7321000099182129, 0.7351999878883362, 0.7444999814033508, 0.7330999970436096, 0.7484999895095825, 0.746399998664856], "val_loss": [1.5681852102279663, 1.4323832988739014, 1.3803168535232544, 1.2614926099777222, 1.205999732017517, 1.2082091569900513, 1.1575332880020142, 1.104692816734314, 1.0879157781600952, 1.096921682357788, 1.0122220516204834, 0.9298076033592224, 0.9581222534179688, 0.9209813475608826, 0.8805872201919556, 0.8454586863517761, 0.8656349778175354, 0.8821595907211304, 0.7971608638763428, 0.7873482704162598, 0.7870893478393555, 0.7987112402915955, 0.7765879034996033, 0.751097559928894, 0.7778283357620239, 0.7529940605163574, 0.7276239991188049, 0.7581411600112915, 0.7186732888221741, 0.7147855758666992], "learning_rate": [0.0010000000474974513, 0.0010000000474974513, 0.0010000000474974513, 0.0010000000474974513, 0.0010000000474974513, 0.0010000000474974513, 0.0010000000474974513, 0.0010000000474974513, 0.0010000000474974513, 0.0010000000474974513, 0.0010000000474974513, 0.0010000000474974513, 0.0010000000474974513, 0.0010000000474974513, 0.0010000000474974513, 0.0010000000474974513, 0.0010000000474974513, 0.0010000000474974513, 0.0005000000237487257, 0.0005000000237487257, 0.0005000000237487257, 0.0005000000237487257, 0.0005000000237487257, 0.0005000000237487257, 0.0005000000237487257, 0.0005000000237487257, 0.0002500000118743628, 0.0002500000118743628, 0.0002500000118743628, 0.0002500000118743628]}