{"accuracy": 0.8295999765396118, "loss": 0.546807587146759}