{"accuracy": [0.4593749940395355, 0.6577749848365784, 0.7399749755859375, 0.7856749892234802, 0.8167499899864197, 0.8464249968528748, 0.8665750026702881, 0.8838000297546387, 0.9033250212669373, 0.9173250198364258], "loss": [1.6333736181259155, 0.98122638463974, 0.7479592561721802, 0.6206201314926147, 0.5275988578796387, 0.45080244541168213, 0.38994160294532776, 0.3360599875450134, 0.28373003005981445, 0.23670358955860138], "val_accuracy": [0.5924999713897705, 0.6884999871253967, 0.7508999705314636, 0.7865999937057495, 0.8108999729156494, 0.8240000009536743, 0.8256000280380249, 0.8289999961853027, 0.8360000252723694, 0.8364999890327454], "val_loss": [1.255922555923462, 0.9164851307868958, 0.7344242930412292, 0.6257592439651489, 0.5704289078712463, 0.5208290815353394, 0.5247064232826233, 0.526636004447937, 0.5240291357040405, 0.5446182489395142]}