{"test_loss": 0.43234556913375854, "test_accuracy": 0.8585000038146973, "accuracy": 0.8585000038146973, "loss": 0.43234556913375854}