{"accuracy": [0.30434998869895935, 0.4081999957561493, 0.487199991941452, 0.5493000149726868, 0.5978000164031982, 0.6359999775886536, 0.6646999716758728, 0.6830499768257141, 0.7062249779701233, 0.7214750051498413, 0.7351999878883362, 0.7475249767303467, 0.7586249709129333, 0.7702749967575073, 0.7787749767303467, 0.7877749800682068, 0.7924500107765198, 0.8018249869346619, 0.8175250291824341, 0.8215000033378601, 0.8272250294685364, 0.8324249982833862, 0.8345000147819519, 0.8355249762535095, 0.8450000286102295, 0.8478249907493591, 0.8513500094413757, 0.8494250178337097, 0.8559749722480774, 0.8561999797821045], "loss": [2.0380825996398926, 1.6358956098556519, 1.4229207038879395, 1.2597122192382812, 1.1315196752548218, 1.0341650247573853, 0.9625857472419739, 0.8996714949607849, 0.840067982673645, 0.8007535934448242, 0.7609685659408569, 0.7320271730422974, 0.7002559304237366, 0.6732301115989685, 0.6455737352371216, 0.6245306134223938, 0.6067429184913635, 0.5846437215805054, 0.5381444096565247, 0.5213440656661987, 0.5051470994949341, 0.49822983145713806, 0.49101659655570984, 0.48221641778945923, 0.4587445855140686, 0.44587579369544983, 0.4390546977519989, 0.4420009255409241, 0.42694029211997986, 0.4255231022834778], "val_accuracy": [0.4311000108718872, 0.5241000056266785, 0.6122999787330627, 0.6053000092506409, 0.6611999869346619, 0.6908000111579895, 0.7355999946594238, 0.6998000144958496, 0.7477999925613403, 0.7638999819755554, 0.7802000045776367, 0.7821000218391418, 0.7576000094413757, 0.8080000281333923, 0.7979000210762024, 0.8274000287055969, 0.8154000043869019, 0.8285999894142151, 0.8449000120162964, 0.8489999771118164, 0.8486999869346619, 0.8532999753952026, 0.8463000059127808, 0.8490999937057495, 0.86080002784729, 0.8636999726295471, 0.8585000038146973, 0.8651999831199646, 0.8629999756813049, 0.8671000003814697], "val_loss": [1.571597695350647, 1.3311872482299805, 1.0870310068130493, 1.1189299821853638, 0.9651777148246765, 0.8826844692230225, 0.7650737762451172, 0.902333676815033, 0.7244101762771606, 0.6889771223068237, 0.6469037532806396, 0.6342458724975586, 0.748067319393158, 0.5572592616081238, 0.6059034466743469, 0.5028215050697327, 0.555426836013794, 0.5081326365470886, 0.46089765429496765, 0.4602406322956085, 0.451998770236969, 0.4404061436653137, 0.4615705907344818, 0.4522041380405426, 0.4247063398361206, 0.41471177339553833, 0.4325758218765259, 0.407250314950943, 0.41947275400161743, 0.40462255477905273], "learning_rate": [0.009999999776482582, 0.009999999776482582, 0.009999999776482582, 0.009999999776482582, 0.009999999776482582, 0.009999999776482582, 0.009999999776482582, 0.009999999776482582, 0.009999999776482582, 0.009999999776482582, 0.009999999776482582, 0.009999999776482582, 0.009999999776482582, 0.009999999776482582, 0.009999999776482582, 0.009999999776482582, 0.009999999776482582, 0.009999999776482582, 0.004999999888241291, 0.004999999888241291, 0.004999999888241291, 0.004999999888241291, 0.004999999888241291, 0.004999999888241291, 0.0024999999441206455, 0.0024999999441206455, 0.0024999999441206455, 0.0024999999441206455, 0.0024999999441206455, 0.0024999999441206455]}