{"test_loss": 0.3462592661380768, "test_accuracy": 0.8863999843597412, "accuracy": 0.8863999843597412, "loss": 0.3462592661380768}