{"accuracy": [0.3084999918937683, 0.46482500433921814, 0.5641499757766724, 0.6253499984741211, 0.668025016784668, 0.7292500138282776, 0.7469499707221985, 0.7656499743461609, 0.7773249745368958, 0.7893999814987183, 0.8209499716758728, 0.8322250247001648, 0.8407750129699707, 0.8568000197410583, 0.8636249899864197, 0.8685500025749207, 0.8793749809265137, 0.8815249800682068, 0.8830000162124634, 0.8862249851226807, 0.8910250067710876, 0.8924750089645386, 0.8964999914169312, 0.8966749906539917, 0.8978750109672546, 0.8991249799728394, 0.9002249836921692, 0.9041749835014343, 0.9041000008583069, 0.9023000001907349], "loss": [2.088205575942993, 1.4677274227142334, 1.227021336555481, 1.0745526552200317, 0.9616905450820923, 0.7930718064308167, 0.7402105927467346, 0.6998581290245056, 0.6629151105880737, 0.6286042928695679, 0.537699282169342, 0.4968906342983246, 0.4782543480396271, 0.4287319779396057, 0.4075516164302826, 0.3919523060321808, 0.3595587909221649, 0.35174500942230225, 0.3475950360298157, 0.34010159969329834, 0.3238477408885956, 0.3207370638847351, 0.3121127486228943, 0.31070396304130554, 0.303600013256073, 0.30133652687072754, 0.29289954900741577, 0.290230393409729, 0.287458598613739, 0.2895035743713379], "val_accuracy": [0.23000000417232513, 0.4490000009536743, 0.5785999894142151, 0.5454999804496765, 0.5619000196456909, 0.7831000089645386, 0.7150999903678894, 0.8001999855041504, 0.7452999949455261, 0.7958999872207642, 0.8544999957084656, 0.82669997215271, 0.8507000207901001, 0.8682000041007996, 0.8683000206947327, 0.8705000281333923, 0.8755999803543091, 0.8838000297546387, 0.8784999847412109, 0.8827999830245972, 0.8863000273704529, 0.8888999819755554, 0.8863999843597412, 0.8907999992370605, 0.8855000138282776, 0.8849999904632568, 0.8894000053405762, 0.8903999924659729, 0.8895999789237976, 0.892300009727478], "val_loss": [2.4314002990722656, 1.7715948820114136, 1.2643574476242065, 1.6105425357818604, 1.429906964302063, 0.6428760290145874, 0.8939052820205688, 0.5965231657028198, 0.82741379737854, 0.6406048536300659, 0.4333130717277527, 0.5388215780258179, 0.4496399462223053, 0.3931684195995331, 0.403142511844635, 0.39470040798187256, 0.3781979978084564, 0.35179105401039124, 0.3683792054653168, 0.3519361913204193, 0.34374111890792847, 0.33974602818489075, 0.3449205458164215, 0.3326893448829651, 0.3507087230682373, 0.3457127809524536, 0.33612897992134094, 0.3304654657840729, 0.33364251255989075, 0.3314366638660431], "learning_rate": [0.009999999776482582, 0.009999999776482582, 0.009999999776482582, 0.009999999776482582, 0.009999999776482582, 0.004999999888241291, 0.004999999888241291, 0.004999999888241291, 0.004999999888241291, 0.004999999888241291, 0.0024999999441206455, 0.0024999999441206455, 0.0024999999441206455, 0.0012499999720603228, 0.0012499999720603228, 0.0012499999720603228, 0.0006249999860301614, 0.0006249999860301614, 0.0006249999860301614, 0.0006249999860301614, 0.0003124999930150807, 0.0003124999930150807, 0.0003124999930150807, 0.0003124999930150807, 0.0003124999930150807, 0.0003124999930150807, 0.00015624999650754035, 0.00015624999650754035, 0.00015624999650754035, 0.00015624999650754035]}