{"accuracy": [0.28369998931884766, 0.3885999917984009, 0.4387750029563904, 0.48227500915527344, 0.5138000249862671, 0.5363249778747559, 0.560949981212616, 0.5754250288009644, 0.5918999910354614, 0.5997999906539917, 0.6093000173568726, 0.6183500289916992, 0.6212499737739563, 0.6266999840736389, 0.6337500214576721, 0.6415749788284302, 0.6456249952316284, 0.6507250070571899, 0.6549249887466431, 0.6591749787330627, 0.6656249761581421, 0.6701499819755554, 0.6762250065803528, 0.6782000064849854, 0.6805999875068665, 0.6843249797821045, 0.6866750121116638, 0.6902750134468079, 0.691349983215332, 0.6934000253677368], "loss": [2.254443645477295, 1.6998404264450073, 1.5295510292053223, 1.4179943799972534, 1.3344148397445679, 1.2770928144454956, 1.219822645187378, 1.1786816120147705, 1.1352282762527466, 1.1144726276397705, 1.0866165161132812, 1.0631006956100464, 1.0516598224639893, 1.0443662405014038, 1.0235621929168701, 1.0075280666351318, 0.9972769618034363, 0.97792649269104, 0.9675378203392029, 0.9570322036743164, 0.945152997970581, 0.9284409880638123, 0.9124733209609985, 0.9086386561393738, 0.9002715945243835, 0.8900932669639587, 0.8853217959403992, 0.8789933323860168, 0.8671014904975891, 0.8688066601753235], "val_accuracy": [0.45329999923706055, 0.5045999884605408, 0.5260000228881836, 0.5776000022888184, 0.5755000114440918, 0.6040999889373779, 0.609000027179718, 0.6029000282287598, 0.6290000081062317, 0.6592000126838684, 0.6614999771118164, 0.6672999858856201, 0.6753000020980835, 0.6808000206947327, 0.6610000133514404, 0.6868000030517578, 0.6988000273704529, 0.7038999795913696, 0.690500020980835, 0.708299994468689, 0.6966999769210815, 0.70660001039505, 0.7196000218391418, 0.7202000021934509, 0.717199981212616, 0.723800003528595, 0.718500018119812, 0.7222999930381775, 0.7318999767303467, 0.7336000204086304], "val_loss": [1.4941942691802979, 1.3621007204055786, 1.3012946844100952, 1.1707109212875366, 1.1746963262557983, 1.1081745624542236, 1.1141510009765625, 1.1104097366333008, 1.0394651889801025, 0.9543862342834473, 0.9382385015487671, 0.933146595954895, 0.9081058502197266, 0.9023787975311279, 0.9514487385749817, 0.8888424038887024, 0.8566557765007019, 0.8431299924850464, 0.8761717677116394, 0.8242093920707703, 0.85622638463974, 0.8268377780914307, 0.7936393022537231, 0.7911087870597839, 0.8052704334259033, 0.7807928919792175, 0.7878871560096741, 0.7814919948577881, 0.7532371282577515, 0.7643005847930908], "learning_rate": [0.0010000000474974513, 0.0010000000474974513, 0.0010000000474974513, 0.0010000000474974513, 0.0010000000474974513, 0.0010000000474974513, 0.0010000000474974513, 0.0010000000474974513, 0.0005000000237487257, 0.0005000000237487257, 0.0005000000237487257, 0.0005000000237487257, 0.0005000000237487257, 0.0005000000237487257, 0.0005000000237487257, 0.0005000000237487257, 0.0005000000237487257, 0.0005000000237487257, 0.0005000000237487257, 0.0005000000237487257, 0.0005000000237487257, 0.0005000000237487257, 0.0002500000118743628, 0.0002500000118743628, 0.0002500000118743628, 0.0002500000118743628, 0.0002500000118743628, 0.0002500000118743628, 0.0001250000059371814, 0.0001250000059371814]}