{"test_loss": 0.7646859288215637, "test_accuracy": 0.7261999845504761, "accuracy": 0.7261999845504761, "loss": 0.7646859288215637}