{"accuracy": [0.3314499855041504, 0.4751250147819519, 0.583899974822998, 0.6491749882698059, 0.6908249855041504, 0.725600004196167, 0.7521250247955322, 0.7915250062942505, 0.8056750297546387, 0.8201500177383423, 0.82607501745224, 0.8507999777793884, 0.8568999767303467, 0.8640499711036682, 0.8691750168800354, 0.8736249804496765, 0.8860499858856201, 0.8888999819755554, 0.8942999839782715, 0.8949499726295471, 0.8982999920845032, 0.9032750129699707, 0.9087250232696533, 0.9071999788284302, 0.9110249876976013, 0.911300003528595, 0.9129999876022339, 0.9132000207901001, 0.9158250093460083, 0.9182249903678894], "loss": [2.1510260105133057, 1.494094967842102, 1.1771820783615112, 1.0069637298583984, 0.8953515887260437, 0.8005326390266418, 0.739787220954895, 0.6210730671882629, 0.5774582028388977, 0.5388699173927307, 0.5221439003944397, 0.4514555037021637, 0.42603182792663574, 0.4054235517978668, 0.39129167795181274, 0.3765367567539215, 0.34427398443222046, 0.3288201093673706, 0.31651172041893005, 0.3142925798892975, 0.3027932941913605, 0.28967976570129395, 0.27607667446136475, 0.2737567722797394, 0.2665495276451111, 0.2615262567996979, 0.2567636966705322, 0.256487101316452, 0.2522903382778168, 0.2448701411485672], "val_accuracy": [0.46619999408721924, 0.6011000275611877, 0.6283000111579895, 0.6969000101089478, 0.7491000294685364, 0.7447999715805054, 0.7630000114440918, 0.8289999961853027, 0.8457000255584717, 0.8112999796867371, 0.8432000279426575, 0.8712999820709229, 0.8575000166893005, 0.8734999895095825, 0.8614000082015991, 0.8700000047683716, 0.8867999911308289, 0.880299985408783, 0.8919000029563904, 0.8920999765396118, 0.8899000287055969, 0.8949999809265137, 0.8952999711036682, 0.8949000239372253, 0.894599974155426, 0.8967999815940857, 0.8938000202178955, 0.8950999975204468, 0.896399974822998, 0.8985999822616577], "val_loss": [1.561711072921753, 1.1330702304840088, 1.0869383811950684, 0.8686478734016418, 0.7239584922790527, 0.7962772250175476, 0.7333089709281921, 0.5295852422714233, 0.4521365761756897, 0.583820104598999, 0.46048465371131897, 0.37982693314552307, 0.42897388339042664, 0.37965288758277893, 0.428378164768219, 0.40267258882522583, 0.3452830910682678, 0.3739733397960663, 0.33578240871429443, 0.3382108509540558, 0.3445616066455841, 0.32899266481399536, 0.3361494839191437, 0.3283339738845825, 0.32954689860343933, 0.3214099705219269, 0.3437134623527527, 0.3368464708328247, 0.32855215668678284, 0.3186637759208679], "learning_rate": [0.0010000000474974513, 0.0010000000474974513, 0.0010000000474974513, 0.0010000000474974513, 0.0010000000474974513, 0.0010000000474974513, 0.0010000000474974513, 0.0005000000237487257, 0.0005000000237487257, 0.0005000000237487257, 0.0005000000237487257, 0.0002500000118743628, 0.0002500000118743628, 0.0002500000118743628, 0.0002500000118743628, 0.0002500000118743628, 0.0001250000059371814, 0.0001250000059371814, 0.0001250000059371814, 0.0001250000059371814, 0.0001250000059371814, 6.25000029685907e-05, 6.25000029685907e-05, 6.25000029685907e-05, 6.25000029685907e-05, 6.25000029685907e-05, 6.25000029685907e-05, 6.25000029685907e-05, 3.125000148429535e-05, 3.125000148429535e-05]}