{"test_loss": 0.3335667848587036, "test_accuracy": 0.8970000147819519, "accuracy": 0.8970000147819519, "loss": 0.3335667848587036}