{"accuracy": [0.4368250072002411, 0.6175749897956848, 0.6854000091552734, 0.7226999998092651, 0.7532250285148621, 0.7752000093460083, 0.7957000136375427, 0.8094499707221985, 0.8205249905586243, 0.8346499800682068], "loss": [1.6644675731658936, 1.0813519954681396, 0.8984527587890625, 0.7950764894485474, 0.7088987827301025, 0.6498335599899292, 0.5978097319602966, 0.5534369945526123, 0.5176777839660645, 0.47949010133743286], "val_accuracy": [0.6068999767303467, 0.6711000204086304, 0.7307999730110168, 0.7576000094413757, 0.7605000138282776, 0.7795000076293945, 0.7954000234603882, 0.8083999752998352, 0.8105999827384949, 0.7924000024795532], "val_loss": [1.097420573234558, 0.9440003633499146, 0.765312671661377, 0.7044225335121155, 0.6827043890953064, 0.636008620262146, 0.5894743204116821, 0.5557557940483093, 0.5604058504104614, 0.6099905967712402]}