{"accuracy": 0.7889999747276306, "loss": 0.6167663931846619}